Date,,Confirmed,Teak Night,Teak Transitions,Activity,Night Location,Co-Pilot,Airline Flt/Arrival Time,Departure,Departure,Departure,Arrival,Arrival,Arrival,,,,Comments,
,,,,,,,,,Airport,FBO,Time,Airport,FBO,"Time
(Local)","International
Pax",Ground Transport,Lodging,,ROW_ID
,,,,,,,,,,,,,,,,,,,c88ee761-ebec-47a3-965c-ba37cee04f63
Mar-27 ,Fri,,,"2:45pm L.O. Pickup
Fly to LA",Greg workday,Beverly Hills,,,,,,,,,,,Beverly Hills Airbn booked,,2bd94b3c-408d-49fe-9afe-49e8ea65def1
Mar-28 ,Sat,,,,LA House Hang - Reemy KK Fifi,Beverly Hills,,,,,,,,,,,Beverly Hills Airbn booked,,457df106-e4ac-4a0f-9410-3ff0cfd59463
Mar-29 ,Sun,,,,Knotts Berry Farm,Beverly Hills,,,,,,,,,,,Beverly Hills Airbn booked,,c5d53970-4342-4471-b993-1bd74a16e71f
Mar-30 ,Mon,,,,Teak Spring Break,Santa Barbara,,,,,,,,,,,San Ysidro Ranch,,cc69b593-fb18-4bb9-9f78-a9b7c973b415
Mar-31 ,Tue,,,,Teak Spring Break,Santa Barbara,,,,,,,,,,,San Ysidro Ranch,,80d74780-9c39-4642-a7d2-6cb5dc933198
Apr-1 ,Wed,,,Morning pickup in LA + Starbuck drop off at 5pm,Teak Spring Break,Santa Barbara,,,,,,,,,,,San Ysidro Ranch,,9e437ce2-0f89-4503-9a52-742e072b7da2
Apr-2 ,Thu,,,,Teak Spring Break,Santa Barbara,,,,,,,,,,,San Ysidro Ranch,,e4ea95cf-ecd2-4d9e-9a4f-f9dad12bd9c2
Apr-3 ,Fri,,,,Stay up until at least 4:44am :),Santa Barbara,,,,,,,,,,,San Ysidro Ranch,,cb451e5a-519b-4c06-b2ec-2f14c9b20b6c
Apr-4 ,Sat,,,,,Santa Barbara,,,,,,,,,,,San Ysidro Ranch,,ffadd766-857e-4d6d-ae44-08fe0762ac3e
Apr-5 ,Sun,,,,,Henderson,,,,,,,,,,,Henderson house,,2ffd5bb2-d219-44e5-8586-0aaf727aeb57
Apr-6 ,Mon,,,"2:45pm L.O Pickup, Fly Teak to HND",,Henderson,,,,,,,,,,,Henderson house,,fb983934-87b6-4bfa-a265-b38c7839cb3c
Apr-7 ,Tue,,,LO & HR Overnight,Marc's Beach Hang - San Clemente ,San Clemente,,,,,,,,,,,Ritz-Carlton Laguna Niguel,,92447508-9751-4b5a-90d1-45914141205d
Apr-8 ,Wed,,,8:30am L.O. Drop Off,Staycation San Clemente,San Clemente,,,,,,,,,,,Ritz-Carlton Laguna Niguel,,b4e9aeb9-4e69-4482-8043-30c8ced014a6
Apr-9 ,Thu,,,,Marc and Kari's wedding - DVPO return hearing,San Clemente,,,,,,,,,,,Ritz-Carlton Laguna Niguel,,b3c22cea-f9fb-4569-b401-49fa8683c35f
Apr-10 ,Fri,,"2:45pm L.O. Pickup, Drop off in LA",,Decorate for Teak's birthday ,Beverly Hills,,,,,,,,,,,Beverly Hills Airbn booked,,96e0fc0a-860f-43f4-a62d-7ec3dc4f8ec4
Apr-11 ,Sat,,,,Teak's Birthday - Grace in LA,Beverly Hills,,,,,,,,,,,Beverly Hills Airbn booked,,678b7840-5202-4290-97a2-f8cf965fe80d
Apr-12 ,Sun,,,"Pick up in LA, fly to PDX",Grace SoCal 5k,Beverly Hills,,,,,,,,,,,Beverly Hills Airbn booked,,50761563-3054-4d0a-931e-cc4314e39bb9
Apr-13 ,Mon,,,8:30am L.O. drop off,Grace in LA/ Big Sudio?,Beverly Hills,,,,,,,,,,,Beverly Hills Airbn booked,,c3d3aad0-3dfc-43fc-b71c-50aedc73719b
Apr-14 ,Tue,,,,Grace in LA/ Big Studio?,Beverly Hills,,,,,,,,,,,Beverly Hills Airbn booked,,35bd652e-6bb4-4368-b507-c7a50e149afe
Apr-15 ,Wed,,,,Grace in LA/ Sudio?,Beverly Hills,,,,,,,,,,,Beverly Hills Airbn booked,,156a72ce-77a0-4bb5-8398-8dac3155d445
Apr-16 ,Thu,,,,Sudio? - reschedule orthodontist ,Beverly Hills,,,,,,,,,,,Beverly Hills Airbn booked,,c6875323-b7fc-4e14-a3e5-50584d149214
Apr-17 ,Fri,,,,,Henderson,,,,,,,,,,,,,79324423-b2cc-49ce-bc8b-510f3a508621
Apr-18 ,Sat,,,,,Henderson,,,,,,,,,,,,,ca936b40-509e-42dd-b94b-1b8050ed50de
Apr-19 ,Sun,,,,,Henderson,,,,,,,,,,,,,a5c97fd3-a4d0-4589-8ee0-1d44d3349ba9
Apr-20 ,Mon,,,"2:45pm L.O Pickup, HR overnight",,Henderson,,,,,,,,,,,,,ee5b5298-0965-4386-bfcb-fd316ff27d90
Apr-21 ,Tue,,,LO & HR Overnight,,Henderson,,,,,,,,,,,,,5e7ac625-912a-49f0-abaa-2ba0c850338a
Apr-22 ,Wed,,,8:30am L.O. Drop Off,,Henderson,,,,,,,,,,,,,b7007ba8-21d6-4b8e-921c-ae517b1ff0af
Apr-23 ,Thu,,,,,Henderson,,,,,,,,,,,,,27e3070e-ca3c-4267-9571-ed97628d3811
Apr-24 ,Fri,,,"2:45pm L.O. Pickup, Drop off in LA",,Beverly Hills,,,,,,,,,,,,,336aa7db-89de-48b0-8d6b-e20072d272fc
Apr-25 ,Sat,,,,Watch Mario Movie - theaters ,Beverly Hills,,,,,,,,,,,,,156252d4-3b90-4b13-9b51-fb74a409e9e0
Apr-26 ,Sun,,,"Pick up in LA, fly to PDX",,Beverly Hills,,,,,,,,,,,,,517fa3d6-95e8-469c-a0a2-59e891bb0027
Apr-27 ,Mon,,,8:30am L.O. drop off,Christina Chanelle meeting? LA,Beverly Hills,,,,,,,,,,,,,51092fd5-45ab-42cb-86b1-2a4f9094e7f1
Apr-28 ,Tue,,,,,Beverly Hills,,,,,,,,,,,,,b68f4e60-6bcd-401f-b7be-15da5835cd0a
Apr-29 ,Wed,,,,,Beverly Hills,,,,,,,,,,,,,b6dee01d-2c26-42bd-9120-487393aedb59
Apr-30 ,Thu,,,,,Beverly Hills,,,,,,,,,,,,,ab905b4d-8eed-4a39-8998-64c562ca6b08
May-1 ,Fri,,,,,Henderson,,,,,,,,,,,,,acc53000-d5f7-4ed1-9e72-1baebf91d168
May-2 ,Sat,,,,,Henderson,,,,,,,,,,,,,0a28be13-776d-4c49-9871-457484dd755c
May-3 ,Sun,,,,,Henderson,,,,,,,,,,,,,109ff9a5-08fb-49f9-ae73-8df021dc2a19
May-4 ,Mon,,,,,Henderson,,,,,,,,,,,,,cb65616c-fc71-45d5-988a-bff342105129
May-5 ,Tue,,,,,Henderson,,,,,,,,,,,,,5dc73445-aaae-4d94-be16-a89a007e97c2
May-6 ,Wed,,,,,Henderson,,,,,,,,,,,,,f848162f-ade3-4a27-a2eb-72d7a7bd25da
May-7 ,Thu,,,,,Henderson,,,,,,,,,,,,,ef5fc674-daa7-4c3e-a105-384fb8ad375e
May-8 ,Fri,,,,,,,,,,,,,,,,,,f016a6a6-b1e7-4987-9f80-26d9d860ae24
May-9 ,Sat,,,,,,,,,,,,,,,,,,b4a01757-3e40-4495-93ca-9e7322ec3301
,,,,,,,,,,,,,,,,,,,50554153-9774-4c9d-9e49-79133df10940
,,,,,,,,,,,,,,,,,,,c04fbdfe-1968-4de2-99c1-2075da481d13
,,,,,,,,,,,,,,,,,,,0e30fecf-37fb-4466-b823-b8c0e81c0004
,,,,,,,,,,,,,,,,,,,6597bfd1-3501-4063-b16f-e8e61a5c9dd0
,,,,,,,,,,,,,,,,,,,a05baa4b-5ac9-4254-87c4-1d94de72300a
,,,,,,,,,,,,,,,,,,,0095500c-bdfc-4beb-bfa7-b7cc04f08522
,,,,,,,,,,,,,,,,,,,ef1f7d62-218b-4351-8494-57a7e9f834e9
,,,,,,,,,,,,,,,,,,,93df14c0-d807-4e22-8b99-5618888cdfd5
,,,,,,,,,,,,,,,,,,,13602b2f-975d-439b-8d62-d3d5f289f1a1
,,,,,,,,,,,,,,,,,,,b79c4d08-f5ab-48ad-90d5-b1c483ef7f1b
,,,,,,,,,,,,,,,,,,,be96ba32-22f0-4204-a84a-5598c8189789
,,,,,,,,,,,,,,,,,,,9acf2d81-966a-4ef4-bca9-bbee66ce6369
,,,,,,,,,,,,,,,,,,,e5fb0930-22e8-4b6f-acc5-90e14bdf3bf7
,,,,,,,,,,,,,,,,,,,0d91a6c0-4151-400b-82da-4fc9df54e824
,,,,,,,,,,,,,,,,,,,4abefaf3-625b-4dea-a2f7-7ba852e99d17
,,,,,,,,,,,,,,,,,,,5ec0af47-a1ce-4d95-8696-8d88712474ca
,,,,,,,,,,,,,,,,,,,97248f96-e6f9-436e-a068-307fd1b239f4
,,,,,,,,,,,,,,,,,,,ddb44cc8-10e7-49a1-9227-19d47eb7c0b6
,,,,,,,,,,,,,,,,,,,1953da06-e01f-48be-b33d-6f4b2d005e24
,,,,,,,,,,,,,,,,,,,057fa7e1-717b-44ad-82b0-89f4c6f60a98
,,,,,,,,,,,,,,,,,,,726bb2bf-b1c4-4894-aa06-ae61ec3d02d8
,,,,,,,,,,,,,,,,,,,014765b2-be97-494f-b727-4ed8ac11dce8
,,,,,,,,,,,,,,,,,,,f6e5cc64-1b6c-4a53-aec2-cd5ed3bf7058
,,,,,,,,,,,,,,,,,,,fbcd31d9-ab7c-4620-bcc4-a1279f8aa059
,,,,,,,,,,,,,,,,,,,6627a119-f848-4437-bd25-44e5d13f2daf
,,,,,,,,,,,,,,,,,,,8da1c305-27d2-44f4-97d0-b821e8061b9a
,,,,,,,,,,,,,,,,,,,d724555d-4b8e-4508-a774-4c2476ed0c3d
,,,,,,,,,,,,,,,,,,,cfdf765f-ae70-4d66-b157-bd126899c387
,,,,,,,,,,,,,,,,,,,5e5d0800-b0a2-45c2-8500-f6b53c16f2bf
,,,,,,,,,,,,,,,,,,,729a5eb9-0137-4222-abe0-3009b66b523a
,,,,,,,,,,,,,,,,,,,a00ab517-674a-4cdf-a805-77d41548b231
,,,,,,,,,,,,,,,,,,,72e9a2d9-c25a-4684-b147-66759688ddd6
,,,,,,,,,,,,,,,,,,,4a3526b9-c060-4b90-a9ab-42318c410750
,,,,,,,,,,,,,,,,,,,dab287a5-dff6-48dc-b3df-421102b12dc4
,,,,,,,,,,,,,,,,,,,041db2a3-5571-4592-921d-7a38fad3c93a
,,,,,,,,,,,,,,,,,,,1bd3f3d0-53e8-44fa-8036-848e0777ce6e
,,,,,,,,,,,,,,,,,,,ecdfc065-f745-41bf-aa80-9bdda21684d1
,,,,,,,,,,,,,,,,,,,2d8b33e2-163e-48d2-91d6-19c757f0db5a
,,,,,,,,,,,,,,,,,,,5916920e-c696-48e2-ad97-cfe020bc9964
,,,,,,,,,,,,,,,,,,,acfc1920-ded0-44c4-876f-44e2801608e1
,,,,,,,,,,,,,,,,,,,12516679-1393-43d7-bf80-50cd87f2f95b
,,,,,,,,,,,,,,,,,,,06810b31-7266-4661-a145-6807ac91153d
,,,,,,,,,,,,,,,,,,,f74a9d46-fe32-441a-9137-eb6b158b5ded
,,,,,,,,,,,,,,,,,,,f2eba065-6e73-452f-8ed5-2023e8b2b63f
,,,,,,,,,,,,,,,,,,,ea1e5efe-ae2f-422d-81c7-eb893111fde5
,,,,,,,,,,,,,,,,,,,63bf748b-96c9-4e4d-be47-90d8a43f79a3
,,,,,,,,,,,,,,,,,,,aba71045-f9a3-4453-8d41-83b420613dd5
,,,,,,,,,,,,,,,,,,,86de4fb8-2ea5-48e4-9aba-46715905d326
,,,,,,,,,,,,,,,,,,,9f3bd719-8591-4830-919a-2e48aa486539
,,,,,,,,,,,,,,,,,,,17af1077-9f27-4726-90b7-1cc762d8dca2
,,,,,,,,,,,,,,,,,,,0f3a2c03-b0d6-4bc9-bfe0-d30aaf8eb6da
,,,,,,,,,,,,,,,,,,,33a4d35b-b99f-48ad-b8b2-07b9f709f6dd
,,,,,,,,,,,,,,,,,,,1bf1d0b2-92d1-4872-8a84-677f5342c4d9
,,,,,,,,,,,,,,,,,,,61b16ee9-4547-4c33-a1c3-7c3b20367c82
,,,,,,,,,,,,,,,,,,,07bdd14a-434b-45c9-8494-de29518eda91
,,,,,,,,,,,,,,,,,,,8c69b9e1-f013-4199-b4c9-b17405065ba8
,,,,,,,,,,,,,,,,,,,d32e0785-d937-40e0-809d-e45720993342
,,,,,,,,,,,,,,,,,,,a9af9ded-3af9-4166-898b-7a1e3ac46d56
,,,,,,,,,,,,,,,,,,,67ba0a36-73be-4b7b-a1e2-de60cc9d9537
,,,,,,,,,,,,,,,,,,,8dece4fe-b2fa-40b6-b091-514b7e4f1935
,,,,,,,,,,,,,,,,,,,3a7cb591-9186-46af-86ec-b4dbbc12fbc2
,,,,,,,,,,,,,,,,,,,46461f9d-7653-4115-b0de-7b411e4f9b77
,,,,,,,,,,,,,,,,,,,91d29fd1-b4ba-4ecf-b83a-a13f023ccd23
,,,,,,,,,,,,,,,,,,,3e877352-be46-4a5a-be63-dce973877318
,,,,,,,,,,,,,,,,,,,ab5c110f-2572-47f1-a0a7-3ebdb27fe747
,,,,,,,,,,,,,,,,,,,a07743b9-cf3d-4e55-a8f0-e58c1a969fde
,,,,,,,,,,,,,,,,,,,7e492ad9-4b24-4865-a398-ea239cf5cc83
,,,,,,,,,,,,,,,,,,,0624cf68-7f0e-4ed1-bec6-39dd98e0c882
,,,,,,,,,,,,,,,,,,,ebfb5a16-49be-4205-8f4a-75d4209b41ac
,,,,,,,,,,,,,,,,,,,56ccb9e6-32b6-432b-ad5a-f31e01bf0714
,,,,,,,,,,,,,,,,,,,250802b4-9639-4f4b-a0f1-4f9b9ff214b6
,,,,,,,,,,,,,,,,,,,a40e1348-00e0-4dcf-8588-8fa5b85bb4c0
,,,,,,,,,,,,,,,,,,,defe3cbe-a411-49f0-b2ec-9ba1dbfa9fd3
,,,,,,,,,,,,,,,,,,,3e49d9ad-3ec1-4616-8d67-8e7126c11d58
,,,,,,,,,,,,,,,,,,,a240942b-93a1-416a-8426-5333214cb8a2
,,,,,,,,,,,,,,,,,,,4caef810-df2b-48df-bbbf-4b115f541387
,,,,,,,,,,,,,,,,,,,121d14b5-296f-4a78-9534-9c6e587d15cb
,,,,,,,,,,,,,,,,,,,c10bc3d6-bc16-40f9-ba2b-d885db4a0e19
,,,,,,,,,,,,,,,,,,,d803cb13-9cac-4f3d-85c1-09f225d93b78
,,,,,,,,,,,,,,,,,,,203bab8a-2891-4dee-a770-5109ad36454c
,,,,,,,,,,,,,,,,,,,93bc232b-c69c-44b3-b504-b14b027c8274
,,,,,,,,,,,,,,,,,,,8a54978c-0274-46be-90bd-b704e13e60db
,,,,,,,,,,,,,,,,,,,6fea37df-092e-4e60-b3e5-73d36f149b9a
,,,,,,,,,,,,,,,,,,,300b7a9e-5aa1-4504-be54-536a20a479f0
,,,,,,,,,,,,,,,,,,,861923ef-d608-4f98-8784-a8f0acbbb1f6
,,,,,,,,,,,,,,,,,,,dc7a5aca-b0f2-470a-8f77-58e7effdf97d
,,,,,,,,,,,,,,,,,,,67436a70-8ceb-4118-8782-3b607bcc0ef2
,,,,,,,,,,,,,,,,,,,91f959a5-1efd-49d3-bb3e-89c4d5695067
,,,,,,,,,,,,,,,,,,,ba495523-78b4-4a83-86d3-22904d5a6141
,,,,,,,,,,,,,,,,,,,dee6bf5a-b69d-4b0f-b1a9-feb8b1a5cfff
,,,,,,,,,,,,,,,,,,,a07659f1-9e29-493f-8716-f02534bf300d
,,,,,,,,,,,,,,,,,,,3a61da5d-950d-4789-a4c2-53b32c89b31f
,,,,,,,,,,,,,,,,,,,73d6bccd-e30e-438c-b684-1702fcd53947
,,,,,,,,,,,,,,,,,,,88650383-2bd9-4880-99ad-12b79f88ceff
,,,,,,,,,,,,,,,,,,,11a3b222-8d72-4170-a256-a582ff574a17
,,,,,,,,,,,,,,,,,,,2625969a-26fb-4044-bbc9-d56c3bd48bd0
,,,,,,,,,,,,,,,,,,,c33ea1ea-c417-42a3-92e6-16e45d3eb76b
,,,,,,,,,,,,,,,,,,,5f540f59-3e25-4ade-be45-dc7a127414b1
,,,,,,,,,,,,,,,,,,,c913da7a-56f9-4d8e-b96b-4ed0583fcfe9
,,,,,,,,,,,,,,,,,,,138bdcb7-a6d1-4672-8fcd-925dc0fa8220
,,,,,,,,,,,,,,,,,,,94041166-ea50-4ddf-8a24-c0b7a992ffbf
,,,,,,,,,,,,,,,,,,,7c25a850-710a-4e59-9840-93ba88c442e5
,,,,,,,,,,,,,,,,,,,4a7c8a91-eaec-4e5c-b285-c43f3ec7ff22
,,,,,,,,,,,,,,,,,,,e301d04a-5863-4f51-a689-05a0170e28f8
,,,,,,,,,,,,,,,,,,,ebbcc8c2-6b4b-4361-8375-d4ad99362dc6
,,,,,,,,,,,,,,,,,,,1e58916b-5c55-46e0-ad78-7b9e37acf922
,,,,,,,,,,,,,,,,,,,552b552d-006d-4770-817d-3caae5941749
,,,,,,,,,,,,,,,,,,,e42743f3-61e5-47b9-8c1d-45a0bffcdba1
,,,,,,,,,,,,,,,,,,,9b8af477-72b0-40ab-bf3e-33bb19f619e3
,,,,,,,,,,,,,,,,,,,7cb67bf7-e039-47de-89ea-db5d209c24b0
,,,,,,,,,,,,,,,,,,,02691414-5b98-4b5b-ad6d-d1279ac4801b
,,,,,,,,,,,,,,,,,,,03961a2b-7424-4661-9e62-8b9595c245d9
,,,,,,,,,,,,,,,,,,,1e5255ac-4863-4d27-928d-ff535c6c24a3
,,,,,,,,,,,,,,,,,,,fb5e0ecf-6e07-4db8-85fd-0c3aeacdd44e
,,,,,,,,,,,,,,,,,,,1f22e4c8-f16c-4e82-84d9-a8ebbfe3c518
,,,,,,,,,,,,,,,,,,,f51cb956-c120-4f9e-a64c-43e87d922698
,,,,,,,,,,,,,,,,,,,4fa7a4e8-c88f-4c38-b12e-df19c8dfdaa2
,,,,,,,,,,,,,,,,,,,68fe3ce4-f5ee-4491-b7d7-1278405d4233
,,,,,,,,,,,,,,,,,,,93758ad5-7878-4f23-bf2d-c8aa690781b8
,,,,,,,,,,,,,,,,,,,d388194e-a43b-47eb-9fb9-8367f41a39c1
,,,,,,,,,,,,,,,,,,,886d934e-e991-4ae4-a321-1d4b8085cfea
,,,,,,,,,,,,,,,,,,,839dc39a-c9f6-4107-85b1-2b12871dcb93
,,,,,,,,,,,,,,,,,,,72c78075-47ee-4b8a-834c-91fcfb7d673a
,,,,,,,,,,,,,,,,,,,643cbac7-0758-4a40-a298-912e1b056dee
,,,,,,,,,,,,,,,,,,,655ebba5-6c91-4797-8fbc-6bdd60cf47bd
,,,,,,,,,,,,,,,,,,,a46191c9-f35b-455e-a845-c535161a5b23
,,,,,,,,,,,,,,,,,,,a47df308-f7ee-4043-96ed-d841803154ca
,,,,,,,,,,,,,,,,,,,5d2b870d-31e1-4d16-9ccd-387f5ff14f94
,,,,,,,,,,,,,,,,,,,513d5329-c103-4e17-a8fb-d8c515aac03f
,,,,,,,,,,,,,,,,,,,5cc169d3-1884-4c5c-917b-da3b785a2a1b
,,,,,,,,,,,,,,,,,,,d75d78c4-0565-42c1-851b-a8ba4d2a2aa0
,,,,,,,,,,,,,,,,,,,d45aefc8-469a-4245-9cb7-12cdf86428d8
,,,,,,,,,,,,,,,,,,,2ebb4004-aec7-45df-b634-40d6aea62523
,,,,,,,,,,,,,,,,,,,50ab594f-c77d-45a2-96ca-b480c0f990f8
,,,,,,,,,,,,,,,,,,,c1793c76-48bf-41c9-9a52-f3887dcc9bee
,,,,,,,,,,,,,,,,,,,ca355c35-284c-46fa-94f3-9628a998bf4c
,,,,,,,,,,,,,,,,,,,37c19e36-23f5-46cb-83e8-a7f767c8d4ab
,,,,,,,,,,,,,,,,,,,5f4c2118-4adf-410f-ab74-9a1c3c963f31
,,,,,,,,,,,,,,,,,,,abf17970-1c30-4b65-b393-65050f4dd46f
,,,,,,,,,,,,,,,,,,,51ed9d07-03ea-466e-bf14-f5cb3a9691b3
,,,,,,,,,,,,,,,,,,,b07f1266-7538-4b11-a1c8-d09d7c00e786
,,,,,,,,,,,,,,,,,,,b39dc894-5f24-40cb-862e-97d3750ee670
,,,,,,,,,,,,,,,,,,,ec2095a2-1a76-4611-9ac5-481c578f9904
,,,,,,,,,,,,,,,,,,,2fc223c2-c62f-40c5-a86a-10246151350c
,,,,,,,,,,,,,,,,,,,fce51962-324b-486c-bf45-8a6786feb35b
,,,,,,,,,,,,,,,,,,,17c5bb99-3953-49e7-bed9-36fd72e478de
,,,,,,,,,,,,,,,,,,,6cd7a6a8-e32e-4f48-b6bd-cca1df23a6d8
,,,,,,,,,,,,,,,,,,,0dc0e79a-a1ca-4fdb-8a74-749698ba9c7f
,,,,,,,,,,,,,,,,,,,c01e8e0d-cdcb-47ef-9723-1ad0a677782d
,,,,,,,,,,,,,,,,,,,c0100fb3-38d4-4a41-8c00-2c67308cccd4
,,,,,,,,,,,,,,,,,,,5592b650-f240-4bcd-b358-b32b14e25164
,,,,,,,,,,,,,,,,,,,8fc0ec42-3496-4362-b8ed-c97dbabfdbc1
,,,,,,,,,,,,,,,,,,,c4b79648-9766-4c1d-9db7-dead6900cf32
,,,,,,,,,,,,,,,,,,,fe4c2b06-95ee-4577-87a1-f7594389c428
,,,,,,,,,,,,,,,,,,,c15df691-9e9d-4f6a-9dca-5a209a796427
,,,,,,,,,,,,,,,,,,,7cc14c11-5629-4321-8ad4-5ca915908b68
,,,,,,,,,,,,,,,,,,,1c4688eb-f63b-47a2-bd20-c31933cc1b5e
,,,,,,,,,,,,,,,,,,,fa06d22b-d982-448b-9bd2-203dac1bca98
,,,,,,,,,,,,,,,,,,,d9ac77bf-2a69-4870-b2ed-737fcbde946d
,,,,,,,,,,,,,,,,,,,4c64c92e-8b88-4e08-bed9-663562f7965f
,,,,,,,,,,,,,,,,,,,4485f785-fbad-4ad0-a668-79fd2e8678ec
,,,,,,,,,,,,,,,,,,,90c96b05-bef3-4acf-9b8c-a702d7be51f6
,,,,,,,,,,,,,,,,,,,f9b58a64-9de4-446d-97a5-fcd1f3454e03
,,,,,,,,,,,,,,,,,,,c70f1090-6450-4945-bfb9-44c72763e44b
,,,,,,,,,,,,,,,,,,,de3c1e95-12f3-49e7-b130-1148009f152c
,,,,,,,,,,,,,,,,,,,0c61558e-9b21-4969-86f8-fcd05fcbf229
,,,,,,,,,,,,,,,,,,,53f43d7d-eb76-41e5-bc1d-52991c5a279b
,,,,,,,,,,,,,,,,,,,c1433e4c-ea83-4f1c-a2b2-ff0c7f8f80bc
,,,,,,,,,,,,,,,,,,,9a8a0a39-2aa1-4b4b-9ba6-18273262b8e0
,,,,,,,,,,,,,,,,,,,7c64259a-4b56-4908-8c54-999f9c3036b4
,,,,,,,,,,,,,,,,,,,27c89eb1-412b-4e85-9cdc-25a6af1f2658
,,,,,,,,,,,,,,,,,,,d75c7093-cd25-4a2f-97e1-c840d813c64c
,,,,,,,,,,,,,,,,,,,d5448745-63e2-4221-b632-45d9ffff9e8f
,,,,,,,,,,,,,,,,,,,a99b0f2c-4346-4199-999b-7333c556b001
,,,,,,,,,,,,,,,,,,,bea41108-c2ce-4e6a-ab2f-2bfeb10c4dc4
,,,,,,,,,,,,,,,,,,,5464c7eb-08f4-4ee5-879a-44b5dfc32b3d
,,,,,,,,,,,,,,,,,,,277b97c0-8053-463a-b457-4941a555780c
,,,,,,,,,,,,,,,,,,,e1f048b0-ad3c-422d-9a7f-b6d248369125
,,,,,,,,,,,,,,,,,,,783a802b-f2cb-4b7e-b7b6-cfa736b03f96
,,,,,,,,,,,,,,,,,,,fa3ae358-ac42-4603-a445-ff1b01c6eace
,,,,,,,,,,,,,,,,,,,7edb281b-79f7-473c-af8b-29989a0f61d8
,,,,,,,,,,,,,,,,,,,969f4934-912f-42e8-9356-861b0c54345f
,,,,,,,,,,,,,,,,,,,342c02ae-efce-42c7-9df7-8d64522c7b25
,,,,,,,,,,,,,,,,,,,413bef41-4e37-4c11-8406-86857eab7b7c
,,,,,,,,,,,,,,,,,,,1fdb5745-a785-44df-9cae-4d8dd4199749
,,,,,,,,,,,,,,,,,,,70f7892d-6956-4434-8f6c-b817ccb61ce3
,,,,,,,,,,,,,,,,,,,78301f13-33cb-4c9f-89e0-12e5a5e098f2
,,,,,,,,,,,,,,,,,,,90d7ad73-3c64-467f-8b83-5852f19fd520
,,,,,,,,,,,,,,,,,,,a7a15fa9-d6bd-4260-a17c-56ec054185c9
,,,,,,,,,,,,,,,,,,,d264cb91-dd05-4546-9742-3d9b6c80a9a8
,,,,,,,,,,,,,,,,,,,80cf7ba1-5559-430f-9ebd-6fa3a957ffa0
,,,,,,,,,,,,,,,,,,,db430d95-a1fe-4228-a7f0-ef1516adac99
,,,,,,,,,,,,,,,,,,,1155928e-d932-4ac8-8153-a434d707fe9c
,,,,,,,,,,,,,,,,,,,2a431c79-6164-4bf1-8634-0e94b7ef072e
,,,,,,,,,,,,,,,,,,,d386b9ef-828f-4ce6-951e-f303f06c6d8f
,,,,,,,,,,,,,,,,,,,e70db7a9-842d-4415-a556-33ad5a89f3e3
,,,,,,,,,,,,,,,,,,,e996a60f-3c4f-4fe7-9370-864606e2c48a
,,,,,,,,,,,,,,,,,,,204e9696-25a6-4e0f-8965-9fddd00ccbd7
,,,,,,,,,,,,,,,,,,,0a42e079-b64f-4af5-90c8-01fb3778a083
,,,,,,,,,,,,,,,,,,,c4ce140c-aa78-4a13-9bbe-f5561416c7d9
,,,,,,,,,,,,,,,,,,,720135f9-260c-44ca-b957-1af713481713
,,,,,,,,,,,,,,,,,,,fcd81b54-6361-4293-bd7f-a4e2680e515e
,,,,,,,,,,,,,,,,,,,dbbae6b3-6875-4da1-9338-61d20c0b97fe
,,,,,,,,,,,,,,,,,,,7b1f239a-af20-4324-a863-5a4072114724
,,,,,,,,,,,,,,,,,,,fa5499be-85d0-4372-ba25-ff15d9c492d3
,,,,,,,,,,,,,,,,,,,417bedd5-f1e3-4b5a-8dde-d2565c4322c0
,,,,,,,,,,,,,,,,,,,8b46efa4-ee5f-46b6-a2ba-c0df93592caf
,,,,,,,,,,,,,,,,,,,873bfe5a-e2b4-4e8c-96d6-d9f636943ecd
,,,,,,,,,,,,,,,,,,,d7614fa0-5bc7-4106-9551-e84f425bd584
,,,,,,,,,,,,,,,,,,,9b9ef604-3b22-42c0-bebf-8db61548614e
,,,,,,,,,,,,,,,,,,,cbc634fb-1159-4fc4-a232-5e0de23a8552
,,,,,,,,,,,,,,,,,,,b95fff9c-145e-41da-a367-fa4c2b08f013
,,,,,,,,,,,,,,,,,,,199f02d6-da71-4a9d-8c1e-d0f8e2746e4a
,,,,,,,,,,,,,,,,,,,490a8087-8eb6-4b0b-818d-6ac917a82dde
,,,,,,,,,,,,,,,,,,,761d4123-07d5-44ba-b541-c581974f20dd
,,,,,,,,,,,,,,,,,,,fb625209-b1e7-4e4e-ae8a-cd43183cd471
,,,,,,,,,,,,,,,,,,,50f24dae-c789-425e-82f4-e9791d733182
,,,,,,,,,,,,,,,,,,,f404b173-e0b0-4e99-a2b3-bb328f192a76
,,,,,,,,,,,,,,,,,,,f7d79824-3487-46db-ab88-4fb8a659c661
,,,,,,,,,,,,,,,,,,,58f14be4-ca01-4a18-a8a2-4a4aea3df820
,,,,,,,,,,,,,,,,,,,b1d4e9d3-a012-4144-abdd-8768099dbb5c
,,,,,,,,,,,,,,,,,,,89f4c81c-4e36-4695-aef8-8a95f8d87dd8
,,,,,,,,,,,,,,,,,,,4a2c7a0b-64dd-4b70-8e19-80a9056c6205
,,,,,,,,,,,,,,,,,,,ff92067a-3c53-4130-b2f6-03e274a2c5d5
,,,,,,,,,,,,,,,,,,,c94a85a9-5673-4ba9-ab75-82429d676726
,,,,,,,,,,,,,,,,,,,e80fc365-3dec-4c02-b9c4-4e17caaf3de0
,,,,,,,,,,,,,,,,,,,9187dcf1-a855-4f4e-8033-68bc4e75ae62
,,,,,,,,,,,,,,,,,,,0f9ec63b-9827-4915-805f-91f511921bf8
,,,,,,,,,,,,,,,,,,,492a82f8-cbc4-4707-a63a-7e901abf856b
,,,,,,,,,,,,,,,,,,,c430a167-d921-41a0-99ec-9e2219ec9c98
,,,,,,,,,,,,,,,,,,,ff1b55f6-2a6a-460d-ae15-18d32fd29f3a
,,,,,,,,,,,,,,,,,,,48869654-79fe-42d6-a25a-02f846581f17
,,,,,,,,,,,,,,,,,,,a8b4f4f3-a0b7-4631-a484-4197dc19359f
,,,,,,,,,,,,,,,,,,,c9c2005d-8510-490e-81c1-6197d608e421
,,,,,,,,,,,,,,,,,,,e0736ef2-aac3-4ecb-b936-a40380c20f1b
,,,,,,,,,,,,,,,,,,,7519f38a-9e09-43c7-9322-d1f65df4efc6
,,,,,,,,,,,,,,,,,,,38ba1ccd-17ef-48d8-8989-b3a0fa96f43f
,,,,,,,,,,,,,,,,,,,d05110d6-8329-4d64-98db-9a0a3924361c
,,,,,,,,,,,,,,,,,,,25728f48-c169-421d-a4e6-fc7d6c5121bd
,,,,,,,,,,,,,,,,,,,3fe53450-a26e-4d4a-ba44-31f6713f6c02
,,,,,,,,,,,,,,,,,,,d50e0bc6-e22d-4337-b9e2-fe82a2054023
,,,,,,,,,,,,,,,,,,,3d1af5bf-aba3-4783-a37a-074c6b1caceb
,,,,,,,,,,,,,,,,,,,b274de57-11ad-4dba-ada6-91139bbb491f
,,,,,,,,,,,,,,,,,,,e36ea50d-acb8-4f29-97f6-ee800fcb60eb
,,,,,,,,,,,,,,,,,,,b53a22f7-b282-4b2f-8b97-e95b04a8ac72
,,,,,,,,,,,,,,,,,,,79cb203b-9450-49cb-a936-f2b1ea0fc599
,,,,,,,,,,,,,,,,,,,56a6311a-9fdd-47d5-8498-fe62c4b49ce1
,,,,,,,,,,,,,,,,,,,be59622f-927f-4c53-8e06-659f8e1cf27a
,,,,,,,,,,,,,,,,,,,20ace6ea-3268-4126-9dc7-ab718c0967d3
,,,,,,,,,,,,,,,,,,,40269f7c-c507-4bdd-975f-35aa54ed2b7f
,,,,,,,,,,,,,,,,,,,42bb89ff-31fb-425f-ac3e-a806d8bbbaa3
,,,,,,,,,,,,,,,,,,,d8d67272-26d5-4e52-abe8-c20e24e49767
,,,,,,,,,,,,,,,,,,,e548f086-a51a-4fa7-8011-070be4d9d7c9
,,,,,,,,,,,,,,,,,,,b52b1230-60cc-4c42-9e3d-b6c73ec8dc94
,,,,,,,,,,,,,,,,,,,45cd8228-80d5-4bee-8749-cdbf20cb278c
,,,,,,,,,,,,,,,,,,,e95820d3-b4ee-4f5e-a911-cc33d0261637
,,,,,,,,,,,,,,,,,,,86995d3e-b523-45df-8406-522c2e3e34cb
,,,,,,,,,,,,,,,,,,,98ed068c-68bf-4eb7-90c2-218d55f5e4bb
,,,,,,,,,,,,,,,,,,,7c20010b-1474-4144-ab6f-b777af3f9de1
,,,,,,,,,,,,,,,,,,,e6f57d80-3d63-4e9d-83a7-5f9db85b3a81
,,,,,,,,,,,,,,,,,,,12bdc72a-a7f7-4ade-bd27-bd8c8e92b638
,,,,,,,,,,,,,,,,,,,76e31c9d-4d27-453f-bd3a-895518120c17
,,,,,,,,,,,,,,,,,,,94db83a3-0bf4-477d-a07c-e9ad06a0088d
,,,,,,,,,,,,,,,,,,,ad0ef740-2932-4d3b-9b44-293115b8179a
,,,,,,,,,,,,,,,,,,,a3895ab1-ac07-4a3d-9f25-a5763b29fd27
,,,,,,,,,,,,,,,,,,,7987177d-42f7-423c-967b-0a90636ca3f6
,,,,,,,,,,,,,,,,,,,e1a6a642-6419-4033-91fb-8fbc34dd90ee
,,,,,,,,,,,,,,,,,,,69d77134-8065-47b8-9aa3-7581bbc5e1dc
,,,,,,,,,,,,,,,,,,,05bbfe31-e9db-4ebd-95b1-26bdb13204a4
,,,,,,,,,,,,,,,,,,,0be4187a-6353-4ae5-94ac-49cbd1b77ba3
,,,,,,,,,,,,,,,,,,,0a28f0e5-0192-4375-b803-5e90b749cf14
,,,,,,,,,,,,,,,,,,,9feaf1b6-722e-4fb5-8674-23d4e65d421f
,,,,,,,,,,,,,,,,,,,fa057ccf-7304-4014-9d45-b62d2dfae939
,,,,,,,,,,,,,,,,,,,00176c0a-2d3e-46a4-a5d1-2e93aff42a18
,,,,,,,,,,,,,,,,,,,53a3b202-11d0-448b-adaa-1f4e779119fd
,,,,,,,,,,,,,,,,,,,c657c79b-4aa7-49a8-bcfb-fdfb5032034c
,,,,,,,,,,,,,,,,,,,b7b1690f-f14d-47dd-bcd4-16bccaa67359
,,,,,,,,,,,,,,,,,,,8198fd16-0755-417d-b844-7af6243be799
,,,,,,,,,,,,,,,,,,,4c8c2ace-136e-4fe3-a994-4fb79903c87f
,,,,,,,,,,,,,,,,,,,bb55bc5a-8a7e-4fb2-9920-66171e723032
,,,,,,,,,,,,,,,,,,,612ddf98-7e79-4732-85b6-31456b0bb5fe
,,,,,,,,,,,,,,,,,,,5c676d83-93a3-47aa-99be-346778aca555
,,,,,,,,,,,,,,,,,,,3ba2eb2e-ed84-41d1-805e-6d75385ef5e1
,,,,,,,,,,,,,,,,,,,acf5fbc3-dc9a-4e4b-8a2c-45b149d3cdf5
,,,,,,,,,,,,,,,,,,,0ef9f5f1-cb56-44b7-9edc-f2121287c450
,,,,,,,,,,,,,,,,,,,6f8c81cd-ac7c-4572-9972-15034ed8203a
,,,,,,,,,,,,,,,,,,,64e4d842-7962-4a1a-8a4f-32b5d04561e3
,,,,,,,,,,,,,,,,,,,34230be1-7df5-410b-b2c7-09bd9699af1e
,,,,,,,,,,,,,,,,,,,f6afc260-6c65-4460-850e-450d96485fb6
,,,,,,,,,,,,,,,,,,,ccaa1133-a0e4-46e8-a0c1-1ad572f028d4
,,,,,,,,,,,,,,,,,,,5584c5b6-d653-466a-8e0a-3a712c060723
,,,,,,,,,,,,,,,,,,,a248e9bb-8643-4efb-ac93-fe9264642181
,,,,,,,,,,,,,,,,,,,58b6486a-e60a-44a7-ba34-894dde68344e
,,,,,,,,,,,,,,,,,,,bbf86e17-cd39-4636-97fd-48aae8065bae
,,,,,,,,,,,,,,,,,,,f807e269-d1f6-43c9-aff0-bb3a982ddff0
,,,,,,,,,,,,,,,,,,,5a0cf4b0-b779-450d-8dfc-2ba9df395551
,,,,,,,,,,,,,,,,,,,59bf5077-7cf6-487e-8b53-e6a3ad567b28
,,,,,,,,,,,,,,,,,,,2e5d61cc-b01f-4d6c-b6a0-e2115c3064c9
,,,,,,,,,,,,,,,,,,,e5c6d79f-fe34-47c5-9403-f2a1afd6dbcc
,,,,,,,,,,,,,,,,,,,66f02344-2be6-4d74-8690-b34e301d476a
,,,,,,,,,,,,,,,,,,,26b8b92e-66bf-4e6a-87da-5baee94b7edd
,,,,,,,,,,,,,,,,,,,5e56eef9-cde1-4351-9459-3f46fa2c4208
,,,,,,,,,,,,,,,,,,,512b39b8-30ad-41bb-8706-5499336ba1a6
,,,,,,,,,,,,,,,,,,,4e584c3b-778d-4060-b423-cdef85dd946a
,,,,,,,,,,,,,,,,,,,266fa612-302b-426f-9c6b-1d911bf828bb
,,,,,,,,,,,,,,,,,,,e1a80f7b-bcbb-433a-ad2a-76de269ca16a
,,,,,,,,,,,,,,,,,,,87327c9f-5a03-4419-b3df-e30955943aaa
,,,,,,,,,,,,,,,,,,,78e4fc51-2e5a-4cc0-a5e2-ba86f87e1352
,,,,,,,,,,,,,,,,,,,2bbd3a96-ede6-4bc6-8df2-bc05a3fa8ca2
,,,,,,,,,,,,,,,,,,,36e54ca7-c556-4dda-b8d7-807fe692d51e
,,,,,,,,,,,,,,,,,,,7a9da70f-d9f9-4912-87b9-39b10123e25c
,,,,,,,,,,,,,,,,,,,6e5c1a60-1a08-4532-8096-006e7f5eea89
,,,,,,,,,,,,,,,,,,,aa271f64-e474-4a41-8c85-4c7d15175a1c
,,,,,,,,,,,,,,,,,,,f8ca5c64-998b-4905-bfc5-abdb3a8dd95a
,,,,,,,,,,,,,,,,,,,f69a802c-82b4-43b9-a13e-a6ed4d0a4aaf
,,,,,,,,,,,,,,,,,,,43fb9b72-1955-4e83-93a7-ea68866aef70
,,,,,,,,,,,,,,,,,,,32a1716c-5588-44e8-a83f-f313c01dc4b0
,,,,,,,,,,,,,,,,,,,7b48886c-0297-4c35-8cce-bf68767f8e78
,,,,,,,,,,,,,,,,,,,53aad103-288d-4fb6-87db-3205e0db6d6a
,,,,,,,,,,,,,,,,,,,2e6f97b5-a78b-4de0-bc99-26c50c8933eb
,,,,,,,,,,,,,,,,,,,4b3ac8b5-ba3f-443a-a863-327eb64eaf4a
,,,,,,,,,,,,,,,,,,,1897181f-24e7-4fd4-9e14-7b8417ed9e9b
,,,,,,,,,,,,,,,,,,,39bf0737-127a-4216-ba9a-8d99d9b91659
,,,,,,,,,,,,,,,,,,,4f174e1b-bf30-43ac-bbef-98c77e15f1d7
,,,,,,,,,,,,,,,,,,,4cf52699-6c04-45a2-9b88-9a82b6d04d96
,,,,,,,,,,,,,,,,,,,c1b193c4-9aad-4201-b296-02c07d54612c
,,,,,,,,,,,,,,,,,,,5b6276c4-af39-43ec-bb76-9410752d4083
,,,,,,,,,,,,,,,,,,,3181488e-e30f-47b8-b54c-af73895d9a3b
,,,,,,,,,,,,,,,,,,,5dac2071-3d1d-4eb1-91cb-7c0dc9bb9786
,,,,,,,,,,,,,,,,,,,81a89265-2ef2-4443-be50-b3195793fd60
,,,,,,,,,,,,,,,,,,,51640073-1e21-4293-8e22-2a226c485989
,,,,,,,,,,,,,,,,,,,02dec6d5-c241-446f-bec6-5a19169c5c6d
,,,,,,,,,,,,,,,,,,,9bcf3ef7-2efc-47b7-85ce-75bdac69ddd1
,,,,,,,,,,,,,,,,,,,e5ae5dbe-23c0-43e9-b3fd-25dca5e051fa
,,,,,,,,,,,,,,,,,,,79240978-d563-4109-9836-85e18ddfe733
,,,,,,,,,,,,,,,,,,,1189c555-b399-49f3-9802-791e1ce38b7f
,,,,,,,,,,,,,,,,,,,23cc8e14-5eed-4f91-ac72-760bbfb27e71
,,,,,,,,,,,,,,,,,,,59d10674-e616-4a44-8070-690e7defd73a
,,,,,,,,,,,,,,,,,,,b233325f-03f9-485f-a9b3-d4ba8dd45254
,,,,,,,,,,,,,,,,,,,606f45db-ec15-4a0e-bc09-5c73a215a39d
,,,,,,,,,,,,,,,,,,,ea9ebc28-b3e0-4170-898c-db01c5abeaca
,,,,,,,,,,,,,,,,,,,881fd54c-6944-40ca-bae4-8fbe7c64c421
,,,,,,,,,,,,,,,,,,,3708fdcd-2dfa-4adc-9d92-e0157ad0163d
,,,,,,,,,,,,,,,,,,,ca53f603-23ef-4a8b-a1a2-36605fea0276
,,,,,,,,,,,,,,,,,,,6ee3aacb-1470-49ed-b201-640540cd206b
,,,,,,,,,,,,,,,,,,,6aa52f45-b5e8-4f3c-8668-7f24973da068
,,,,,,,,,,,,,,,,,,,f683db2c-5140-4253-86fa-1953297beafb
,,,,,,,,,,,,,,,,,,,c90e2697-cc48-4fa2-acb4-17f790524fcc
,,,,,,,,,,,,,,,,,,,383f1cf4-4089-4646-aa2d-466e3790e83f
,,,,,,,,,,,,,,,,,,,035539b1-ac94-47af-9c0f-fccf3b251b9d
,,,,,,,,,,,,,,,,,,,0f5f58dd-cbb5-4a1b-9aae-c974440b00c2
,,,,,,,,,,,,,,,,,,,dc80d9c3-d4f8-4866-9006-7bc7a25253a9
,,,,,,,,,,,,,,,,,,,42a575b8-e57b-4d9b-82b8-c0a2f0f260d4
,,,,,,,,,,,,,,,,,,,aab69dd4-f44f-4f87-8368-7f81a7d1c337
,,,,,,,,,,,,,,,,,,,a35f6556-4558-4948-a9c3-83d828aa0eed
,,,,,,,,,,,,,,,,,,,bbbfe6e3-5426-4cf9-9d32-03a804b4b18b
,,,,,,,,,,,,,,,,,,,0bb0ccb0-f099-49bc-8a1c-cff4d6c4b1e3
,,,,,,,,,,,,,,,,,,,80fee37a-2410-447a-85c5-5bc90aab6b37
,,,,,,,,,,,,,,,,,,,a457193b-9a63-4246-b397-a6a0c81c5849
,,,,,,,,,,,,,,,,,,,371db270-7206-475f-9898-66ffcc0e4e3d
,,,,,,,,,,,,,,,,,,,8b3e5059-a76f-4c62-a829-a81cfec5b0be
,,,,,,,,,,,,,,,,,,,b383ce2e-ef22-4ae3-96ce-df7addd142d2
,,,,,,,,,,,,,,,,,,,00c408fa-700e-4109-a1aa-b2c765de591c
,,,,,,,,,,,,,,,,,,,90efc1c8-e8ea-43e3-938c-265fab5dfa4d
,,,,,,,,,,,,,,,,,,,cccc6501-99d4-4181-b276-c7e367837897
,,,,,,,,,,,,,,,,,,,1dac5b0d-6c60-4640-89dd-3d1bc1a91486
,,,,,,,,,,,,,,,,,,,4984cbee-a27e-47b9-94b4-92bfcb9c102d
,,,,,,,,,,,,,,,,,,,15a26c19-815a-49ef-95dd-182be28b4646
,,,,,,,,,,,,,,,,,,,c9b059c8-3c41-4dd6-8d62-b6072a0d8a28
,,,,,,,,,,,,,,,,,,,21f79718-30a7-4313-9cc4-da0bb72a3d48
,,,,,,,,,,,,,,,,,,,1be02a5a-57f2-479d-ae96-646bfb0ad465
,,,,,,,,,,,,,,,,,,,a69efaa9-8409-48e7-a242-be19cdc45897
,,,,,,,,,,,,,,,,,,,b19444bd-97b5-43fe-9140-c98021835f62
,,,,,,,,,,,,,,,,,,,76d7e7e3-9fe6-4599-bd3e-d34e9983d97d
,,,,,,,,,,,,,,,,,,,5063eb60-4564-4f0f-9ca7-d3f7650d815c
,,,,,,,,,,,,,,,,,,,d2c522db-e2ad-4213-9984-5eb4eb52b751
,,,,,,,,,,,,,,,,,,,f97683a3-a94b-4f0d-b8ba-bba46b8ca72c
,,,,,,,,,,,,,,,,,,,3444275b-c6c6-44fa-bdab-d11bc66ec549
,,,,,,,,,,,,,,,,,,,0a0890d8-96af-4a3e-a767-f9906c51686d
,,,,,,,,,,,,,,,,,,,dd37366c-7e66-4b19-8947-52f86a4c2a74
,,,,,,,,,,,,,,,,,,,5e99857d-894c-4988-966a-3c9a06fb84bf
,,,,,,,,,,,,,,,,,,,189c221c-2924-4e50-8f33-4ae93e97b0fa
,,,,,,,,,,,,,,,,,,,8e95b682-5653-419d-af9c-0fa33aa458f2
,,,,,,,,,,,,,,,,,,,c9f4d0dc-a558-43d1-9056-01db73695a7e
,,,,,,,,,,,,,,,,,,,8717105f-8cb3-44a2-bd7d-67c4b477bc80
,,,,,,,,,,,,,,,,,,,212a6511-3973-4c9a-bb79-a67c22a7c405
,,,,,,,,,,,,,,,,,,,bdb09bbf-8b25-4fac-a176-16d67a236596
,,,,,,,,,,,,,,,,,,,07d73801-1f2f-4b5a-b451-a10fe59bdc2d
,,,,,,,,,,,,,,,,,,,3792e0e5-9e13-42c6-8890-6055fdd4f1f2
,,,,,,,,,,,,,,,,,,,b487a485-36c9-4154-9552-ec7d2b235015
,,,,,,,,,,,,,,,,,,,ccc1ed0e-9cd5-4df2-85e8-03038635ea22
,,,,,,,,,,,,,,,,,,,945561c4-2eb3-4189-a923-b71bcceeacde
,,,,,,,,,,,,,,,,,,,d9b10e62-7b8f-4e82-baad-2c0677151e73
,,,,,,,,,,,,,,,,,,,1ac5a70a-a60d-4a60-a2f0-f64d1bc7c811
,,,,,,,,,,,,,,,,,,,9b6a9c62-8008-406e-ad3b-791c8b79b75c
,,,,,,,,,,,,,,,,,,,09fac982-6c9f-4294-8751-fb5c37be4cf9
,,,,,,,,,,,,,,,,,,,f3e6da54-3606-48ae-b6f1-c6e04384dab3
,,,,,,,,,,,,,,,,,,,480a3cd0-03ff-49bb-bf4f-cef80f506fea
,,,,,,,,,,,,,,,,,,,dbf05aad-9e59-4d34-9537-67672ff0f181
,,,,,,,,,,,,,,,,,,,ad6a00c1-2d5e-4fb9-bf0a-f9e3bd494806
,,,,,,,,,,,,,,,,,,,7e72e118-de1f-4361-a806-386ca8335a58
,,,,,,,,,,,,,,,,,,,a150017d-f659-4c14-b6df-e24667ffab44
,,,,,,,,,,,,,,,,,,,9f6baa3a-c070-4c62-ba3a-ada7203dd419
,,,,,,,,,,,,,,,,,,,059249f8-f22e-439b-b393-acf7c3882428
,,,,,,,,,,,,,,,,,,,47d37e3d-36f0-48d8-abfd-3939687ab43d
,,,,,,,,,,,,,,,,,,,7b0049e9-5abb-45c1-af45-cb6a118b0b58
,,,,,,,,,,,,,,,,,,,82d9131f-9b07-4a65-8351-d137e4cc483a
,,,,,,,,,,,,,,,,,,,5a74c23d-76c0-45e8-ba34-0c02bac912a5
,,,,,,,,,,,,,,,,,,,97606e09-578c-436b-aaba-bddf747c4458
,,,,,,,,,,,,,,,,,,,02fc0e51-7c01-4162-9434-8c6afec9a599
,,,,,,,,,,,,,,,,,,,bc7fdc17-9080-43a7-852a-f461ddedf226
,,,,,,,,,,,,,,,,,,,1a46a9bf-fcbd-46b4-bbd6-a092a32f89d9
,,,,,,,,,,,,,,,,,,,7788b5cc-65b3-4b21-911a-9c8f39401cfc
,,,,,,,,,,,,,,,,,,,bd6b81fa-5af8-4a53-bb4b-c45327379d09
,,,,,,,,,,,,,,,,,,,c2bdaac0-2b20-441b-a8e5-cf9b38588968
,,,,,,,,,,,,,,,,,,,b57ab41b-403e-4105-825d-723bc8e9eb9d
,,,,,,,,,,,,,,,,,,,14668f35-1f7b-4981-bdf2-54e03507ce2d
,,,,,,,,,,,,,,,,,,,0b8b6ff7-837d-49da-9716-c72008231378
,,,,,,,,,,,,,,,,,,,d295d259-c4eb-4f68-8229-37ae5a7d99a7
,,,,,,,,,,,,,,,,,,,91313f76-ba2c-47f9-8201-2f4d00adc91c
,,,,,,,,,,,,,,,,,,,904e40f3-0515-4daf-b11e-3de5e424649a
,,,,,,,,,,,,,,,,,,,b9572964-0b09-4a40-8fbd-0c4a6017c2e6
,,,,,,,,,,,,,,,,,,,d4da4623-8f01-4800-9d29-7ade553de443
,,,,,,,,,,,,,,,,,,,dd4055dc-00ab-45d6-a318-56d8c7ce89e1
,,,,,,,,,,,,,,,,,,,fca39fc2-d8a3-48e3-baee-a3d6a6f9083d
,,,,,,,,,,,,,,,,,,,d337316c-1504-499e-ab27-ded038a04ffe
,,,,,,,,,,,,,,,,,,,845fc16b-59d3-49c6-b3db-070e99872b10
,,,,,,,,,,,,,,,,,,,a944adb1-da56-492b-b783-29f5404802f2
,,,,,,,,,,,,,,,,,,,45614274-1526-4066-a200-83fe5219253b
,,,,,,,,,,,,,,,,,,,89536db6-6330-41f8-9c1e-e29b912b4829
,,,,,,,,,,,,,,,,,,,e803e5ea-ad47-4bde-a40c-9cad64250812
,,,,,,,,,,,,,,,,,,,c2451f49-efd7-4c36-8b9a-d4b42d06f3e4
,,,,,,,,,,,,,,,,,,,d9c45882-2b92-40d2-8a4f-f922709e2259
,,,,,,,,,,,,,,,,,,,8078bb54-e804-4ec8-a6e4-cafc9eeb88d0
,,,,,,,,,,,,,,,,,,,d4c7ddb1-4726-482f-9ef4-e66f16abc261
,,,,,,,,,,,,,,,,,,,5b560ff9-0c92-4b69-bafa-da6800f814aa
,,,,,,,,,,,,,,,,,,,e8a3adf3-effb-482d-96b5-ef9cb3764802
,,,,,,,,,,,,,,,,,,,407c9da0-0a1d-4794-aec7-629390663229
,,,,,,,,,,,,,,,,,,,4314e43c-c81a-42e6-8046-be61e875c88a
,,,,,,,,,,,,,,,,,,,0baeb5a5-ec4b-4502-b0b2-be3215435858
,,,,,,,,,,,,,,,,,,,66860d50-8fef-4f0a-b287-c201bbd6e5af
,,,,,,,,,,,,,,,,,,,342c05e9-ec75-4e2f-a72f-2da5eed49464
,,,,,,,,,,,,,,,,,,,b852b99b-4346-4a20-a083-a965084cc560
,,,,,,,,,,,,,,,,,,,0661c0d7-3b91-4e13-a9fb-05b41a144717
,,,,,,,,,,,,,,,,,,,d59385b6-6cae-49bd-8775-afc134f02232
,,,,,,,,,,,,,,,,,,,69b39304-ac22-4132-906d-19734015fe4a
,,,,,,,,,,,,,,,,,,,e896a436-b41f-4c99-b6f8-4902da30bd63
,,,,,,,,,,,,,,,,,,,5aac22e7-e98b-4d06-a760-195aa6cce32e
,,,,,,,,,,,,,,,,,,,8d403cfd-ad31-4cd2-a6d8-0a2cf5fd0357
,,,,,,,,,,,,,,,,,,,8474a469-ba8b-439e-ac0a-a7070a55e47e
,,,,,,,,,,,,,,,,,,,30b43a45-0343-4ad3-9131-58b0179815d4
,,,,,,,,,,,,,,,,,,,29ca8e2e-0f55-4456-94c0-53c91385e9de
,,,,,,,,,,,,,,,,,,,80f7e08e-b397-456b-bc67-d918a52933c1
,,,,,,,,,,,,,,,,,,,cd3a0f95-a111-486e-a186-71db645b02ee
,,,,,,,,,,,,,,,,,,,9203d37e-171b-463f-8c6a-f96769f82393
,,,,,,,,,,,,,,,,,,,4532caab-18ea-46e3-a6c1-68c3f888d218
,,,,,,,,,,,,,,,,,,,82af57b1-491f-45c5-bc7f-4da19bef2453
,,,,,,,,,,,,,,,,,,,c1e421ed-2a75-4021-af06-b2ab46561b0c
,,,,,,,,,,,,,,,,,,,fb5527e2-8c3c-4bd2-a7c1-255ad2f35395
,,,,,,,,,,,,,,,,,,,e346d7a3-a827-4251-9f88-76f89c642277
,,,,,,,,,,,,,,,,,,,46677f30-b4ff-46f7-9e17-f6ee5a3ca9af
,,,,,,,,,,,,,,,,,,,ac916007-955a-4165-b2aa-3c0a8765be98
,,,,,,,,,,,,,,,,,,,71ce7603-16bc-4fa4-9187-bbea01ef0e89
,,,,,,,,,,,,,,,,,,,f77f7d47-0748-4763-a80f-6831402427e7
,,,,,,,,,,,,,,,,,,,d7bdadaf-b2ba-49d2-95fa-250dd31a48b2
,,,,,,,,,,,,,,,,,,,7e29342c-8807-475f-b384-c6b7a5250581
,,,,,,,,,,,,,,,,,,,9f00b88e-efb8-4a0f-a334-46e8156882ba
,,,,,,,,,,,,,,,,,,,5cabfcb9-f825-42f4-b82b-69edee490ccc
,,,,,,,,,,,,,,,,,,,55a0b63f-155d-454a-a42d-a519b0dd5b47
,,,,,,,,,,,,,,,,,,,5dc84b30-1ba0-4014-bada-64abc2fee03e
,,,,,,,,,,,,,,,,,,,c6f3f20b-3715-4a79-8632-988a47d26de6
,,,,,,,,,,,,,,,,,,,277a80e3-d40f-48b2-95e2-1bb6cf9ebaea
,,,,,,,,,,,,,,,,,,,582f906b-ab7b-4e83-980b-7eb2a24b81d0
,,,,,,,,,,,,,,,,,,,c90a2315-a3d7-4830-a2d7-bf64b0f6c4e9
,,,,,,,,,,,,,,,,,,,09b3aac0-5991-4116-97a4-6606b9dc7b05
,,,,,,,,,,,,,,,,,,,e483ddb7-83e6-44a1-8275-6689830d977a
,,,,,,,,,,,,,,,,,,,41ab651f-8f0e-4237-98aa-dfdd6cf72639
,,,,,,,,,,,,,,,,,,,f249dc78-395e-4d51-9829-3fb33e11e36d
,,,,,,,,,,,,,,,,,,,e8f623dd-9fe4-44bc-92d3-931b95e70f32
,,,,,,,,,,,,,,,,,,,9f1d1391-452c-4b9b-963e-0a8073231104
,,,,,,,,,,,,,,,,,,,a0c0f9d4-0f64-4f07-9fe5-763673adf7f3
,,,,,,,,,,,,,,,,,,,01d8d550-f1cc-4208-aa11-c9eaf8df3057
,,,,,,,,,,,,,,,,,,,58986713-af35-4c7e-bdd1-e0f4001f4ff3
,,,,,,,,,,,,,,,,,,,730a15e2-3a88-46ca-80d5-292cec4997bf
,,,,,,,,,,,,,,,,,,,959af4f5-fad5-45f8-9df3-a28966eb22e2
,,,,,,,,,,,,,,,,,,,bc22f51a-d6d6-4045-9819-2f675cc9165f
,,,,,,,,,,,,,,,,,,,a2a92de6-8e0d-4348-9304-5c077a2bef17
,,,,,,,,,,,,,,,,,,,d0bd6c6c-2c71-4c33-af38-e9e0f2bb7aa3
,,,,,,,,,,,,,,,,,,,b244c869-11a1-4317-93a7-98b5ff4e6e92
,,,,,,,,,,,,,,,,,,,b5c30405-e19d-4981-9512-dadaaa442102
,,,,,,,,,,,,,,,,,,,ffee0610-f14c-4167-9ada-1b47b1b60d65
,,,,,,,,,,,,,,,,,,,688333e1-f2df-4de6-b121-9b5c124e0e7d
,,,,,,,,,,,,,,,,,,,b046f5fa-25b6-45ce-8bfc-bfa1c347ddfa
,,,,,,,,,,,,,,,,,,,d8415b27-7e05-41e6-9d44-ced4cc00a436
,,,,,,,,,,,,,,,,,,,f4da1d2e-3934-4f37-b9d0-e5b8872de1e2
,,,,,,,,,,,,,,,,,,,23e174fe-a0d1-4b3e-bc3d-4310f9657028
,,,,,,,,,,,,,,,,,,,11d071de-2261-4a38-816d-cf1c5a7c1088
,,,,,,,,,,,,,,,,,,,e3301328-4bcf-4165-b41b-afee7559b21c
,,,,,,,,,,,,,,,,,,,965be6cc-5679-4961-b9bd-fc7f91451a32
,,,,,,,,,,,,,,,,,,,04bb5138-5de5-4e41-a689-b9a948d18955
,,,,,,,,,,,,,,,,,,,5805dbe6-0785-4c1b-94f8-fdb9baa6cffc
,,,,,,,,,,,,,,,,,,,b0f91dc9-402d-4e70-8a61-05b2c6d1c9f5
,,,,,,,,,,,,,,,,,,,2ab73d4f-357b-4b33-92b6-bef1aba7e26d
,,,,,,,,,,,,,,,,,,,c0eadb1f-463c-435a-a83f-b26e4b0b93ff
,,,,,,,,,,,,,,,,,,,34ccf818-32cf-4365-ba9b-3cc6d184f145
,,,,,,,,,,,,,,,,,,,b13a8b40-038d-4beb-b881-5d3f76e525bf
,,,,,,,,,,,,,,,,,,,0650bf8d-aed9-426c-b9f4-5f6b9fe2d393
,,,,,,,,,,,,,,,,,,,c995f968-f835-44d9-9aa3-2ecb0b0f5013
,,,,,,,,,,,,,,,,,,,281afa8a-2921-44f1-894c-e6e421898b90
,,,,,,,,,,,,,,,,,,,d16bd6ce-38dc-4b2b-a220-644543968e7a
,,,,,,,,,,,,,,,,,,,cc62d2b5-1b99-4c13-9877-e692717cc208
,,,,,,,,,,,,,,,,,,,fb53b325-e77a-42e1-a80d-51c39b7978ab
,,,,,,,,,,,,,,,,,,,07743662-4c94-4ad4-9f02-32516c37bbda
,,,,,,,,,,,,,,,,,,,b066e0dd-4d44-45db-8c70-63a0065f9141
,,,,,,,,,,,,,,,,,,,80dedcbf-bfb1-4f9c-8878-0eb6fc1a12a9
,,,,,,,,,,,,,,,,,,,dd6189f7-a8f5-4892-9c89-d2c40cd4c57d
,,,,,,,,,,,,,,,,,,,32cb2923-13c7-4b13-b9e8-b2a5436b244c
,,,,,,,,,,,,,,,,,,,5dc01000-8c0e-4472-8124-b11b27883533
,,,,,,,,,,,,,,,,,,,682f52f6-6533-4439-9ed1-5319b73517f5
,,,,,,,,,,,,,,,,,,,2e5558bb-b482-4133-b53c-b60dd08b811f
,,,,,,,,,,,,,,,,,,,dce66380-8030-4637-bb36-cc0126cd6545
,,,,,,,,,,,,,,,,,,,3151b4f3-2f3d-41d4-9c44-bb1ea97566d1
,,,,,,,,,,,,,,,,,,,fd0377e0-78e0-48a6-bab4-62dc7db63eae
,,,,,,,,,,,,,,,,,,,8005a2d7-ba36-436e-93dc-2bc4be124f4a
,,,,,,,,,,,,,,,,,,,36c85031-a198-499d-84cc-e6f30b94efeb
,,,,,,,,,,,,,,,,,,,baff85e1-c36b-4fc3-ab52-55636873e8ee
,,,,,,,,,,,,,,,,,,,f3bdd50d-d126-47f6-aded-b9dd18e3b9c1
,,,,,,,,,,,,,,,,,,,5e3c4db5-3c60-4673-a452-b3531b5c0298
,,,,,,,,,,,,,,,,,,,a48711d8-0fc2-4f73-bb8c-82d9bcbe80fb
,,,,,,,,,,,,,,,,,,,755f87a1-c68e-4034-8cb2-4e46c141cb06
,,,,,,,,,,,,,,,,,,,f1515118-a32c-48a4-ae28-3ba231e405d5
,,,,,,,,,,,,,,,,,,,acba26b2-c571-4402-ad92-4e21752ad17d
,,,,,,,,,,,,,,,,,,,55b0c2cc-35de-46cc-9a20-6e48f90a396f
,,,,,,,,,,,,,,,,,,,a09b89bb-a57b-4b5c-921d-0b0f41fdcf50
,,,,,,,,,,,,,,,,,,,9b987575-2b05-4fc8-856e-bb75dc15728a
,,,,,,,,,,,,,,,,,,,3aa335b0-87a8-415d-9aca-ed0a19ba41d7
,,,,,,,,,,,,,,,,,,,de1a141a-63e4-4d4c-9adb-720c38083a8e
,,,,,,,,,,,,,,,,,,,b3f21d1f-632a-4dc9-9d70-84c56261d707
,,,,,,,,,,,,,,,,,,,0f194b4e-6bf5-4d60-bdfb-0bb3fb14af19
,,,,,,,,,,,,,,,,,,,b80fc6ea-5d58-4029-a8dc-bc374b041cf0
,,,,,,,,,,,,,,,,,,,c6252b7a-fefe-4d6f-b202-f86c8479ade5
,,,,,,,,,,,,,,,,,,,66dbe832-bcba-4295-8274-4affda6c6205
,,,,,,,,,,,,,,,,,,,63b5481e-92d5-4df7-9dc4-ac638df36b48
,,,,,,,,,,,,,,,,,,,527052c2-0ff3-405a-91f7-ad86ba5f961b
,,,,,,,,,,,,,,,,,,,adbd952b-24b4-4b89-94db-636b8bd6e30d
,,,,,,,,,,,,,,,,,,,36326308-61ae-421a-b4a5-4cb8c0f1a166
,,,,,,,,,,,,,,,,,,,6a328b37-be70-43b7-865b-9db90f3fa3dd
,,,,,,,,,,,,,,,,,,,7d04d8d5-a0e7-49df-a8e3-53eac338e5c3
,,,,,,,,,,,,,,,,,,,8f63210b-715e-48af-b8d6-ac4c0ab02e8d
,,,,,,,,,,,,,,,,,,,fa47c347-fdf6-46b3-ace2-6602e7b423e2
,,,,,,,,,,,,,,,,,,,e51010e7-d825-4fbc-b6cc-69d6886188c0
,,,,,,,,,,,,,,,,,,,6e746774-0a5f-4223-ad5f-32bd82e08917
,,,,,,,,,,,,,,,,,,,479b3bd5-b023-40be-be3f-6ba4e566da1f
,,,,,,,,,,,,,,,,,,,aa24dcf0-bef9-46e6-af28-f1bc0331b39e
,,,,,,,,,,,,,,,,,,,dad79676-990d-42f0-ac97-b801d1468485
,,,,,,,,,,,,,,,,,,,43c01657-4ac8-47be-baea-337aa935e025
,,,,,,,,,,,,,,,,,,,7f325cf4-2b4b-4bc3-ab8c-cbf1fd836e4e
,,,,,,,,,,,,,,,,,,,2cb9b739-51de-4c18-80dd-59bf3dc3f620
,,,,,,,,,,,,,,,,,,,c879e6e5-0b43-4abb-b619-d2d1dc09b71c
,,,,,,,,,,,,,,,,,,,d3cc20df-faa2-48d2-8b11-d39858121367
,,,,,,,,,,,,,,,,,,,a07e661b-a430-4913-9333-18f3fb71758e
,,,,,,,,,,,,,,,,,,,23d550fb-d964-421d-99da-ff0a58250568
,,,,,,,,,,,,,,,,,,,b3dcfab2-0386-4384-8622-44851cc4b1eb
,,,,,,,,,,,,,,,,,,,406b54aa-08a1-443c-8040-a5c79f5edc28
,,,,,,,,,,,,,,,,,,,e0000d67-c399-4580-9a5a-3e2180fa88ac
,,,,,,,,,,,,,,,,,,,3fc4450c-497a-423d-b3a1-6aed04551702
,,,,,,,,,,,,,,,,,,,6940734f-508b-4d95-ba1a-de8c8d324faa
,,,,,,,,,,,,,,,,,,,49c86b2d-2874-46b7-bb69-14394979a0fb
,,,,,,,,,,,,,,,,,,,4cf1b68f-3bb4-4004-a887-3e28a6e5bedd
,,,,,,,,,,,,,,,,,,,51437a8c-6e1c-4c00-aa15-67cdb7a596ac
,,,,,,,,,,,,,,,,,,,8306922d-a91b-4a9e-a385-a4800097da46
,,,,,,,,,,,,,,,,,,,304266b3-5c5e-4b3f-8cdf-a77ffad484b6
,,,,,,,,,,,,,,,,,,,58a6b16d-30a5-40d9-a324-899031abbee8
,,,,,,,,,,,,,,,,,,,32e8d326-cf77-494c-8ae1-94b26c0e08dd
,,,,,,,,,,,,,,,,,,,8a32bc20-7498-4761-b5d0-d5744917e11c
,,,,,,,,,,,,,,,,,,,09532116-21fc-4eb8-bfdd-454837441d24
,,,,,,,,,,,,,,,,,,,7929e723-58f6-4663-bdf6-95c8e0c89781
,,,,,,,,,,,,,,,,,,,cf8508a6-90b3-4b41-a338-7b7307be50fe
,,,,,,,,,,,,,,,,,,,d9f9a13b-0a6b-486a-8525-47037c538cf7
,,,,,,,,,,,,,,,,,,,9ca7afac-b0aa-4e93-b16d-811397edd4b0
,,,,,,,,,,,,,,,,,,,e302b550-1299-4781-8c00-74b38ca31871
,,,,,,,,,,,,,,,,,,,ce0555a1-3ec4-40c3-842d-76998b76402e
,,,,,,,,,,,,,,,,,,,5d2ce16d-b857-489e-aa48-1d6d4a3204f8
,,,,,,,,,,,,,,,,,,,85d0c433-2108-48e3-aa06-d350d21f220e
,,,,,,,,,,,,,,,,,,,41a32062-0543-4ce1-9a8d-9b32f341ea6b
,,,,,,,,,,,,,,,,,,,1475d1d7-1a6b-432a-b6d9-ffaa5b2f3d36
,,,,,,,,,,,,,,,,,,,8052403c-dc9f-4afb-ba28-416d67b27d3b
,,,,,,,,,,,,,,,,,,,55602c60-f58b-4c23-a2b2-5b8fd129aca5
,,,,,,,,,,,,,,,,,,,d6bf4360-c5db-4046-ad53-eef48e29dc32
,,,,,,,,,,,,,,,,,,,16363aeb-639c-496a-9b9c-a44d8387acfa
,,,,,,,,,,,,,,,,,,,40ec2f88-125d-430a-8b9e-eacc1226f2b8
,,,,,,,,,,,,,,,,,,,057a5e02-130b-41eb-84ee-a647296507d7
,,,,,,,,,,,,,,,,,,,ae18b9c3-41b7-4921-a388-0d08b851560c
,,,,,,,,,,,,,,,,,,,ae6fa6db-665a-4a43-ba9b-ad30ad0c571e
,,,,,,,,,,,,,,,,,,,f59d2c2a-eae9-4d21-b19f-1ecf8ba562a9
,,,,,,,,,,,,,,,,,,,f14a8955-cc1c-4ecf-9d21-988bf0b40ca3
,,,,,,,,,,,,,,,,,,,7fb880db-1f8b-4af3-98ae-db14966a12b9
,,,,,,,,,,,,,,,,,,,703ccba9-38d4-4ffe-928d-a11d60781c72
,,,,,,,,,,,,,,,,,,,af125b8e-0344-493c-92e0-e4d2d7608667
,,,,,,,,,,,,,,,,,,,bac579c1-f4c4-4dd0-a3aa-489662921867
,,,,,,,,,,,,,,,,,,,34f36efd-7992-474c-a586-4adb7ab5370e
,,,,,,,,,,,,,,,,,,,3d9d188b-2433-4a63-bc3d-a2c0300f61a1
,,,,,,,,,,,,,,,,,,,424bbb52-0b27-47b8-aef7-6ce14f9441af
,,,,,,,,,,,,,,,,,,,17444cd9-638b-4802-9265-21e8b1d7d378
,,,,,,,,,,,,,,,,,,,5236a4f9-2079-4c1b-b957-0518e6160622
,,,,,,,,,,,,,,,,,,,adf7c4db-d872-4a96-99e6-4fce47d7d973
,,,,,,,,,,,,,,,,,,,ada0d183-3a3e-4437-af45-8dacb5d19113
,,,,,,,,,,,,,,,,,,,22b2e736-ea5b-400f-b821-2fa9c263418e
,,,,,,,,,,,,,,,,,,,17ccaaf8-f4c1-4e42-aa67-dc7cf8af40b4
,,,,,,,,,,,,,,,,,,,8dd63c93-20be-42fe-be64-b8e856e09140
,,,,,,,,,,,,,,,,,,,22ed35e1-b411-43c4-98b5-85a2d92333cf
,,,,,,,,,,,,,,,,,,,abd0e46d-9a25-4c13-87f0-eb59b30661b9
,,,,,,,,,,,,,,,,,,,95cf2ed0-837f-420c-989c-54b7a7d8066a
,,,,,,,,,,,,,,,,,,,932405b4-2dae-4f1e-8a55-d3f98c365509
,,,,,,,,,,,,,,,,,,,0a21e7f6-83ae-4929-8ba3-a4b40e694a71
,,,,,,,,,,,,,,,,,,,22fe982f-c04d-459a-b895-d8bac0126a8a
,,,,,,,,,,,,,,,,,,,dc0108f6-5a4f-44dc-999b-2719473a62ca
,,,,,,,,,,,,,,,,,,,6a408c01-91a3-4b08-9c8c-af14870f36b6
,,,,,,,,,,,,,,,,,,,b5588b5a-28e7-4328-b144-a8822daa1350
,,,,,,,,,,,,,,,,,,,22bec3c9-b116-4d01-8ed7-010cec0559ac
,,,,,,,,,,,,,,,,,,,8f26de50-9d8f-4eb6-aad0-43225cd3a368
,,,,,,,,,,,,,,,,,,,604b0564-f801-40c1-9559-b75099a6b0ac
,,,,,,,,,,,,,,,,,,,ac508668-d8cc-477d-8753-bde669c33f9f
,,,,,,,,,,,,,,,,,,,6afa6b19-7fa0-475f-8d51-21620ffe07f0
,,,,,,,,,,,,,,,,,,,0526337f-5ead-420b-abaf-b182972b3189
,,,,,,,,,,,,,,,,,,,1fb2e491-5abb-421d-b3e7-877c4ca342f3
,,,,,,,,,,,,,,,,,,,0524926e-c107-45c4-a9fc-b760f6ec8d41
,,,,,,,,,,,,,,,,,,,481c5464-210e-4eba-9104-49ad152dc328
,,,,,,,,,,,,,,,,,,,0da606e8-4384-49c4-9658-c6f5b6b63c66
,,,,,,,,,,,,,,,,,,,35644845-d190-4285-8188-176b1f868fe4
,,,,,,,,,,,,,,,,,,,22b0a6ff-5f56-43b2-822c-d9706fda24b4
,,,,,,,,,,,,,,,,,,,90e452a4-178e-495b-9bad-48265ae9536f
,,,,,,,,,,,,,,,,,,,e5fe9a86-aa9e-45fb-98a4-8acb271cad6e
,,,,,,,,,,,,,,,,,,,bc672590-5224-4f60-a5eb-3460bccd5056
,,,,,,,,,,,,,,,,,,,85c4d45c-fce2-457d-bf55-4dc667b923eb
,,,,,,,,,,,,,,,,,,,4f9cecba-9963-46c9-adaa-3063bc56f0d9
,,,,,,,,,,,,,,,,,,,2c6b9e06-719f-46e4-b4b0-9788ea31fa15
,,,,,,,,,,,,,,,,,,,a5e7137c-22e8-446c-9333-7c852826edc7
,,,,,,,,,,,,,,,,,,,603884be-b64c-435f-b956-89c74ca414c1
,,,,,,,,,,,,,,,,,,,2cb0040d-8ef2-451f-a5b2-441302a5ec99
,,,,,,,,,,,,,,,,,,,dce3cd0a-6077-4a7b-89a7-bff50223097f
,,,,,,,,,,,,,,,,,,,d2614d36-dfd1-4dfe-b221-1437676f3a16
,,,,,,,,,,,,,,,,,,,d5afa7c6-7120-44e5-ace8-0d6b5f11a386
,,,,,,,,,,,,,,,,,,,ed563b9b-b476-47a5-b42e-56a24259152c
,,,,,,,,,,,,,,,,,,,6b087305-e9ab-4603-869a-baaa8b4904d0
,,,,,,,,,,,,,,,,,,,b8d279fb-3595-4b7a-91a2-ff42f9209e8e
,,,,,,,,,,,,,,,,,,,6266812e-ed40-40b5-98b8-5eb08b8de86b
,,,,,,,,,,,,,,,,,,,0184e3c3-6afa-4b3e-ba94-8747471b2a5e
,,,,,,,,,,,,,,,,,,,fde1d4b5-00b3-4cf5-b3f0-68f72d6cb764
,,,,,,,,,,,,,,,,,,,92981a41-9298-4a40-ae7c-d3cd1a7f21cf
,,,,,,,,,,,,,,,,,,,f3bab8f0-a8e3-47c2-8d95-3ec7cba335bb
,,,,,,,,,,,,,,,,,,,2bacbabc-324f-41cb-b436-3da2bbaf7272
,,,,,,,,,,,,,,,,,,,a8eae07d-94f2-4244-9914-dc5e0b8d4644
,,,,,,,,,,,,,,,,,,,b61d664b-9e57-4195-8072-d3c69ce566f8
,,,,,,,,,,,,,,,,,,,9479252f-0394-40ed-b78b-2becf18fd092
,,,,,,,,,,,,,,,,,,,a3c1a9af-d873-4cd3-9e83-cc5096814b1a
,,,,,,,,,,,,,,,,,,,dd01306b-7371-4cdb-8eb5-2dd5683b3a17
,,,,,,,,,,,,,,,,,,,af42c314-4948-4bc4-b324-62344c9d9fe3
,,,,,,,,,,,,,,,,,,,9d51ba45-c311-46f7-8ebc-5e7991e8a3e0
,,,,,,,,,,,,,,,,,,,0f6e13a6-6fbd-403e-98ee-fa34cb83d547
,,,,,,,,,,,,,,,,,,,686a3d9b-17bd-4407-9436-4844dba639b9
,,,,,,,,,,,,,,,,,,,233fdd10-6c1c-4048-ae09-629abf355fd0
,,,,,,,,,,,,,,,,,,,3bfc2bb2-379e-411a-b0c5-b7fa8f96faeb
,,,,,,,,,,,,,,,,,,,ae7d488f-cdd0-4224-9837-43d2cc1db5d2
,,,,,,,,,,,,,,,,,,,3f41609b-90da-44df-87dc-31bdb57497b2
,,,,,,,,,,,,,,,,,,,ac10429e-83d1-4904-8281-dfe84ac6ad44
,,,,,,,,,,,,,,,,,,,a058d8aa-f21b-4b1c-8c81-4b1a0c927a9e
,,,,,,,,,,,,,,,,,,,a73c2c9f-9538-4d36-bea7-de059dd4939c
,,,,,,,,,,,,,,,,,,,f2b47fa6-7412-4b57-9ef4-17bad4196108
,,,,,,,,,,,,,,,,,,,b8c1287d-0672-4cca-abf5-9e1e856f2cf2
,,,,,,,,,,,,,,,,,,,19c241a9-a380-4219-9f2f-9f5533e3e13a
,,,,,,,,,,,,,,,,,,,ab7b7345-ba87-4b60-91e8-62785b50190c
,,,,,,,,,,,,,,,,,,,e2f6e7c9-37c4-4cb0-afa4-f449a53be687
,,,,,,,,,,,,,,,,,,,53bdc082-c074-4fd5-829e-f223375d83f8
,,,,,,,,,,,,,,,,,,,7c307132-6614-4028-8949-d33d9f170a9e
,,,,,,,,,,,,,,,,,,,3b77be44-2551-4c3f-b1b9-32afac2e3212
,,,,,,,,,,,,,,,,,,,b9d09a6c-b8b7-46b1-a7a9-b8a07ec2e00c
,,,,,,,,,,,,,,,,,,,9394b286-d14b-4a3f-b9e3-61cce2fa87b8
,,,,,,,,,,,,,,,,,,,91cab368-1e08-4ef8-896f-357e0c5589b3
,,,,,,,,,,,,,,,,,,,ac078804-03b0-4abe-b352-38a2e86982f1
,,,,,,,,,,,,,,,,,,,90bf02dd-39ed-42d6-8e13-821c7a0b575b
,,,,,,,,,,,,,,,,,,,b4cd8c2f-2808-46d0-82fc-6cec8aa99f6a
,,,,,,,,,,,,,,,,,,,ee5eaca9-7eca-43e0-8b6f-b017ed084ed0
,,,,,,,,,,,,,,,,,,,0425bb63-fda7-4773-8cf6-2dce2dd1b49d
,,,,,,,,,,,,,,,,,,,5b717bee-30de-425d-8438-86f3e92d374a
,,,,,,,,,,,,,,,,,,,f08fd4d8-3c5a-451b-8ae3-ed4856d355d1
,,,,,,,,,,,,,,,,,,,d08da7e1-c382-4c83-9214-7aa59903c14e
,,,,,,,,,,,,,,,,,,,a83aa8f0-fe22-4c25-858a-5236458fe3d5
,,,,,,,,,,,,,,,,,,,3dd099f9-b101-4152-b0a8-3b6eaf17d9ad
,,,,,,,,,,,,,,,,,,,46685fc0-c05a-4b30-a5cc-30055d78517c
,,,,,,,,,,,,,,,,,,,35e8d4a8-b01f-4a70-bc97-3f7dbc460a3c
,,,,,,,,,,,,,,,,,,,62d3d7e4-e705-446f-b6da-5c0319c386e1
,,,,,,,,,,,,,,,,,,,41883e9c-7270-4169-b43d-15fa639acf92
,,,,,,,,,,,,,,,,,,,447c9776-d43a-4416-9b85-97c6337680e8
,,,,,,,,,,,,,,,,,,,e49ab79a-ae0f-4b8d-916a-5b0f806d5a09
,,,,,,,,,,,,,,,,,,,2642050f-acf5-4061-99c9-f82b2dda0261
,,,,,,,,,,,,,,,,,,,34d6383f-defd-4979-82b8-1f05be39d38b
,,,,,,,,,,,,,,,,,,,f5407037-a542-477a-bb53-4dddf2a10bbe
,,,,,,,,,,,,,,,,,,,18b1b302-f5f1-46bb-91ca-ebee50f0675f
,,,,,,,,,,,,,,,,,,,a8cb751c-de9a-4f0f-b63c-e1ef5c93fe6c
,,,,,,,,,,,,,,,,,,,eb117e85-3021-4708-804b-1d690221845f
,,,,,,,,,,,,,,,,,,,ce4c79cc-e537-475e-b0b7-46e763ec302e
,,,,,,,,,,,,,,,,,,,10f6854e-e66a-46c8-9c5e-9169ced9f670
,,,,,,,,,,,,,,,,,,,2fa7194f-1e71-47f4-9b0a-fa1406690377
,,,,,,,,,,,,,,,,,,,f4a819f3-b05f-42b9-9457-98a70bc554a2
,,,,,,,,,,,,,,,,,,,ad06a1f6-f5a8-4f94-bac7-d5427522e40f
,,,,,,,,,,,,,,,,,,,3d52990e-0757-4896-9390-f25dcc8252b0
,,,,,,,,,,,,,,,,,,,6e3f81b0-df8a-434f-830d-0f02314c0da8
,,,,,,,,,,,,,,,,,,,f74d359b-86cd-46a3-b863-fa2f4347b070
,,,,,,,,,,,,,,,,,,,78722333-2de6-4c27-8181-317eb381f94f
,,,,,,,,,,,,,,,,,,,f4850f95-0781-451c-ab10-29b6c6676207
,,,,,,,,,,,,,,,,,,,ca0c0b8d-a4df-4df2-a719-32e370bb48e6
,,,,,,,,,,,,,,,,,,,6d04e7d6-71ad-44cf-8847-9cd9056a2da1
,,,,,,,,,,,,,,,,,,,916fd77a-3faf-4d40-b5c6-bb58f7221a21
,,,,,,,,,,,,,,,,,,,f80fa860-bf22-487d-96eb-d76f4feb3ad4
,,,,,,,,,,,,,,,,,,,4cd3bacb-8313-4463-b5a8-a968d92f4483
,,,,,,,,,,,,,,,,,,,b67b3844-5182-4f99-a3be-523a316d024b
,,,,,,,,,,,,,,,,,,,4f025f30-69f8-4c83-ace0-7abb6e7d6426
,,,,,,,,,,,,,,,,,,,b5031e47-205c-4cf4-89b3-f11d387e7ea1
,,,,,,,,,,,,,,,,,,,36a06a63-7547-4be8-bc05-8d7576e3b7dd
,,,,,,,,,,,,,,,,,,,e78a4136-7598-40e1-82c9-3fbf2f0c5903
,,,,,,,,,,,,,,,,,,,813121db-a959-4d1b-af7c-e7d5e57aa9ab
,,,,,,,,,,,,,,,,,,,4ae41d68-5548-4b03-b402-087675161095
,,,,,,,,,,,,,,,,,,,efe122f3-005c-4839-b4b3-f57ade5ad8d9
,,,,,,,,,,,,,,,,,,,8e1443b8-5117-4cc4-a5d6-a749c73ad6b6
,,,,,,,,,,,,,,,,,,,7bc64961-7330-42e4-8abe-f169e8a846a3
,,,,,,,,,,,,,,,,,,,419c0b71-6654-4716-9829-f653b217459c
,,,,,,,,,,,,,,,,,,,0fcf541d-681f-4e4a-94df-bb7596f28751
,,,,,,,,,,,,,,,,,,,76dc97de-c6b9-4b70-8b65-452ca7737ba7
,,,,,,,,,,,,,,,,,,,2d14647f-4ff4-40c0-8a11-0889b9bc5816
,,,,,,,,,,,,,,,,,,,30ed1e16-c461-42c6-b199-30c16dc08d44
,,,,,,,,,,,,,,,,,,,8bb58364-0273-468d-85b7-b2ea5ed9a3e9
,,,,,,,,,,,,,,,,,,,085d3ac8-da75-427a-a5d6-d51813c1f49d
,,,,,,,,,,,,,,,,,,,fef95111-359d-4e33-bb10-24a9c3f86fa2
,,,,,,,,,,,,,,,,,,,e5841d17-dfc9-4453-ab2d-e7f036b0b481
,,,,,,,,,,,,,,,,,,,f1202e71-3025-4af4-be01-0381b74d775d
,,,,,,,,,,,,,,,,,,,8c890048-87e2-4aa4-bbb9-121045b610b3
,,,,,,,,,,,,,,,,,,,7333fc0c-9321-4ac2-90c1-201b2a4f0980
,,,,,,,,,,,,,,,,,,,8dffb973-059b-421f-a226-7f979cba27dc
,,,,,,,,,,,,,,,,,,,dcb46c10-07fd-4741-8626-7633db582f17
,,,,,,,,,,,,,,,,,,,aadff681-0fd4-470f-b478-1fe0e8fbfce3
,,,,,,,,,,,,,,,,,,,f86df697-052c-42c1-93a3-664c71257930
,,,,,,,,,,,,,,,,,,,e995563a-2596-4226-a7f5-6aa0063cf85c
,,,,,,,,,,,,,,,,,,,3806b9da-b2b4-445d-8580-51ceee892918
,,,,,,,,,,,,,,,,,,,525f79eb-97b6-4567-a8b1-8e4ca0520640
,,,,,,,,,,,,,,,,,,,35f38097-8ccf-45b6-b67e-1f2a387e7f8e
,,,,,,,,,,,,,,,,,,,71b3c3d9-fd97-48da-b5f6-7e9fe970ba04
,,,,,,,,,,,,,,,,,,,4c964e95-a29f-4808-87dd-da48cb2bbdb6
,,,,,,,,,,,,,,,,,,,1a645edd-861d-49e4-b4cf-60fc3f301e3e
,,,,,,,,,,,,,,,,,,,414332de-713f-4ce5-bd9c-ac23b30abd48
,,,,,,,,,,,,,,,,,,,de544771-12d4-4f04-97bf-df176d16fd03
,,,,,,,,,,,,,,,,,,,6729cfa1-3461-4365-9a5c-a0bbf25cb393
,,,,,,,,,,,,,,,,,,,03d32c2a-0b1e-4a07-ad32-f9b3f838048c
,,,,,,,,,,,,,,,,,,,c506724d-8a94-4c25-814b-de0b5c290c72
,,,,,,,,,,,,,,,,,,,6c02363b-a8fc-4002-82bb-5a19b814dde1
,,,,,,,,,,,,,,,,,,,8128453c-9045-4e96-a63c-019edabc525d
,,,,,,,,,,,,,,,,,,,b77bb5d3-2bd7-4e9d-9d41-87de89ee34d5
,,,,,,,,,,,,,,,,,,,0c1dded8-1294-4f7c-9e74-395cfdac8356
,,,,,,,,,,,,,,,,,,,fb071c54-e465-4fcc-b37b-2e39696071f3
,,,,,,,,,,,,,,,,,,,e3dcc6ce-a036-4148-a83d-983f18d0b955
,,,,,,,,,,,,,,,,,,,9b22e502-7273-475b-9094-c68cc929e4ae
,,,,,,,,,,,,,,,,,,,454f011f-2ebf-4128-a28f-97fad1b9ba63
,,,,,,,,,,,,,,,,,,,8b7815d5-15b1-461a-9455-3b71469b4fc1
,,,,,,,,,,,,,,,,,,,f8aae0f8-e2a2-4e2b-ba6e-1f2f16917ee4
,,,,,,,,,,,,,,,,,,,2adad5b6-88ff-44fa-b029-8bde55764e35
,,,,,,,,,,,,,,,,,,,4c21f0e9-d039-4497-a07e-c9fc1b90a30d
,,,,,,,,,,,,,,,,,,,7470905c-5668-459e-bd7a-992491a73be9
,,,,,,,,,,,,,,,,,,,d8fe8cfd-01d4-4403-81b0-9c72f40af485
,,,,,,,,,,,,,,,,,,,761ded4a-8ddc-418b-83b2-48023f859dd9
,,,,,,,,,,,,,,,,,,,92dae693-40d0-4b84-9076-7af8cc19fd9f
,,,,,,,,,,,,,,,,,,,ce1821da-5136-4408-830a-533395cc89ee
,,,,,,,,,,,,,,,,,,,3804359c-744b-4cb8-8a60-09d23d95590f
,,,,,,,,,,,,,,,,,,,89962319-1192-4bd0-91bd-d431645cff85
,,,,,,,,,,,,,,,,,,,b7ee0a06-5300-4c2b-b603-b16f7b102e41
,,,,,,,,,,,,,,,,,,,0900f169-d685-4f62-99bf-a0ae0bc1207d
,,,,,,,,,,,,,,,,,,,9640eedd-9c19-4b7f-a046-a4d411544cc0
,,,,,,,,,,,,,,,,,,,78edc711-8894-4779-bbc1-3420c9a5463d
,,,,,,,,,,,,,,,,,,,d1ad5c47-376c-48c7-b627-6fe31943f9e4
,,,,,,,,,,,,,,,,,,,34752145-1ec4-4b51-a639-f9144679ff7f
,,,,,,,,,,,,,,,,,,,3edf01de-5b72-443d-9476-51db2b05117a
,,,,,,,,,,,,,,,,,,,06ab6ec0-40c3-4da3-beb6-be406ceba9e6
,,,,,,,,,,,,,,,,,,,3a533282-51f2-4dd7-ab33-87fc6ec12900
,,,,,,,,,,,,,,,,,,,89d78d7a-3539-4802-9604-3b634e946e0a
,,,,,,,,,,,,,,,,,,,6dcbd9cc-85bd-4bad-a238-ee2025ab78b9
,,,,,,,,,,,,,,,,,,,45d2932a-c768-4a25-9764-e45eaef20c9a
,,,,,,,,,,,,,,,,,,,26c0a8fb-dcd6-4456-8fd7-373d011e6ee0
,,,,,,,,,,,,,,,,,,,7c175b9d-09df-4f01-bcf6-72f06c6bad4a
,,,,,,,,,,,,,,,,,,,27e379cb-b078-4cdb-b0f2-16849e9c8d2d
,,,,,,,,,,,,,,,,,,,efb21609-ecf2-43bd-8eb2-88a702484332
,,,,,,,,,,,,,,,,,,,1b77cb63-f378-4e6c-98c0-bff06aa1c66f
,,,,,,,,,,,,,,,,,,,8e9bbf6b-e300-41e1-8f6c-cc37d6b90d8b
,,,,,,,,,,,,,,,,,,,b7828401-c9a0-4bdd-a1f9-f74e3c654272
,,,,,,,,,,,,,,,,,,,a318abbf-d64d-435c-ad1b-80da6ac5a375
,,,,,,,,,,,,,,,,,,,09d11855-d7b8-4f2c-a7cc-b616c1f8bc08
,,,,,,,,,,,,,,,,,,,3f801495-c3ad-4eb1-bb47-f05840a11db0
,,,,,,,,,,,,,,,,,,,dec2d149-5baa-4a72-a9aa-b141c31ce639
,,,,,,,,,,,,,,,,,,,613b910c-5d0c-43eb-8ecd-90f84a2d5a5c
,,,,,,,,,,,,,,,,,,,f8c6372a-5861-430d-b052-17ad9e706ee0
,,,,,,,,,,,,,,,,,,,df6082ad-4eb1-4f79-85d8-72928c8600d5
,,,,,,,,,,,,,,,,,,,2e093357-8b44-4f4a-b1bf-be812eba991a
,,,,,,,,,,,,,,,,,,,c0e7ee9e-0de3-4b96-8681-4343e917ee8d
,,,,,,,,,,,,,,,,,,,141e1947-7b4a-4295-82ba-f3ac3962da09
,,,,,,,,,,,,,,,,,,,c7312ca6-e3ee-4791-a13c-c8692606575a
,,,,,,,,,,,,,,,,,,,1db732d4-7b26-438e-af4d-1b8ea002a32a
,,,,,,,,,,,,,,,,,,,9242f501-2129-42a3-a78c-e4bf8371a77f
,,,,,,,,,,,,,,,,,,,42774c5e-6299-4dcb-bfc0-6ba5355c8973
,,,,,,,,,,,,,,,,,,,035c47df-8848-4a4f-9024-b0e112ad6d11
,,,,,,,,,,,,,,,,,,,2f1fd5ae-5f87-4abe-98fe-892e061c6040
,,,,,,,,,,,,,,,,,,,d9b5b831-2ce2-4864-9df6-9200d468ba76
,,,,,,,,,,,,,,,,,,,d9b2579a-6f0c-41e9-bde5-ff07cf3f30ad
,,,,,,,,,,,,,,,,,,,788484b1-460f-4555-b881-5dd48cbd700c
,,,,,,,,,,,,,,,,,,,af3b8e04-ec4c-43d1-a0cc-55ee9c262bd1
,,,,,,,,,,,,,,,,,,,cde6c39b-2573-4c03-a252-57346af6c45f
,,,,,,,,,,,,,,,,,,,d54602fd-509b-4cf3-ac59-386ef95ec833
,,,,,,,,,,,,,,,,,,,61dd43de-5edc-413d-9a00-28ea15d4240c
,,,,,,,,,,,,,,,,,,,bed9143f-1b66-445b-b064-6067bd5710aa
,,,,,,,,,,,,,,,,,,,489d850c-d1d6-4ad6-8b69-c8b270dd9942
,,,,,,,,,,,,,,,,,,,bd540f2f-3cae-4149-8472-928e11c4af5f
,,,,,,,,,,,,,,,,,,,64151fe9-a61c-4edb-9ec4-ded6d6db55b1
,,,,,,,,,,,,,,,,,,,7c4f290d-c8cb-47f4-8c99-1be2eafe0f5f
,,,,,,,,,,,,,,,,,,,833d9b2d-14d5-43ec-b087-01fe4aa29da1
,,,,,,,,,,,,,,,,,,,82842e84-f898-41f5-8bf8-87a635927245
,,,,,,,,,,,,,,,,,,,cabc9764-9993-4bb9-b7de-420fc9baa759
,,,,,,,,,,,,,,,,,,,5fe3d757-5275-49cb-afcb-be1c2b66e2da
,,,,,,,,,,,,,,,,,,,d732d70d-7f42-418f-94d7-a63304768c61
,,,,,,,,,,,,,,,,,,,f4077bc6-28fe-49c6-8b79-77adf29d08ad
,,,,,,,,,,,,,,,,,,,902b835a-9e39-479d-8785-d98d2214bc8c
,,,,,,,,,,,,,,,,,,,9b58fb9b-6010-45ae-8190-3a4be180b30f
,,,,,,,,,,,,,,,,,,,98fccf95-dfbd-490d-ba56-2da6a9c12bf1
,,,,,,,,,,,,,,,,,,,b76e8de1-6f1b-4b64-9a90-e02f3f92f8c5
,,,,,,,,,,,,,,,,,,,e779ec75-0bc4-4680-86eb-98eaae179670
,,,,,,,,,,,,,,,,,,,4f15b920-3c4d-4f54-9068-6294f25c4ceb
,,,,,,,,,,,,,,,,,,,83dc94de-f2e3-470e-99a2-bf0868c10d4d
,,,,,,,,,,,,,,,,,,,13767509-3ebe-49b5-98fb-b8af294f12a4
,,,,,,,,,,,,,,,,,,,557c1649-2146-4975-82a6-8953dc3a9b11
,,,,,,,,,,,,,,,,,,,23f92538-8852-4a82-902c-01fc67f63720
,,,,,,,,,,,,,,,,,,,7d3f8a3c-e7c6-4747-a23d-21e367356eef
,,,,,,,,,,,,,,,,,,,71dfb1a8-3155-4319-956d-4078c6df4c64
,,,,,,,,,,,,,,,,,,,3a176147-d437-40a8-8acb-017e9b77e2b2
,,,,,,,,,,,,,,,,,,,1b084684-c5a3-486a-8ccd-f84ba33c2afa
,,,,,,,,,,,,,,,,,,,b647d044-ecd6-4f41-9b93-7434dcdcef2f
,,,,,,,,,,,,,,,,,,,39b2c862-e8c8-4c0c-8dd1-9860351dba76
,,,,,,,,,,,,,,,,,,,34481ba6-c264-4e17-abf8-c36acbd7a970
,,,,,,,,,,,,,,,,,,,3f42492d-4a7e-4dc3-9d0b-c4e2edc2fe13
,,,,,,,,,,,,,,,,,,,766f7737-07a2-4be7-bbee-2e6c07af235a
,,,,,,,,,,,,,,,,,,,fddb4c0e-ced5-4047-9b8e-7ff4457b3758
,,,,,,,,,,,,,,,,,,,71e1a3b0-309e-4dc1-afab-5cdc4170997c
,,,,,,,,,,,,,,,,,,,31a7b52d-6091-47a5-8e49-59be57235330
,,,,,,,,,,,,,,,,,,,6bd6a191-74d4-487f-8da8-2c6d543d4ff8
,,,,,,,,,,,,,,,,,,,cde41d6e-8e85-4d8e-9e16-574d95d427d7
,,,,,,,,,,,,,,,,,,,a08b44cb-14bd-4b5b-ab77-a099af2c409f
,,,,,,,,,,,,,,,,,,,671888a9-ec27-45be-8011-812088307dfa
,,,,,,,,,,,,,,,,,,,df2b8649-76b6-494c-8c41-b6908514aebc
,,,,,,,,,,,,,,,,,,,325edbf6-0c70-4581-8e1c-e2ee01752d1e
,,,,,,,,,,,,,,,,,,,1b0ac684-6f8e-4607-b593-9f57f176a118
,,,,,,,,,,,,,,,,,,,b1191a82-9c76-40d6-a879-7df804f8d4a5
,,,,,,,,,,,,,,,,,,,960e9993-81cc-4aee-8481-867f90f1a9ea
,,,,,,,,,,,,,,,,,,,af41062d-c71a-4672-94f5-42d3b97117ce
,,,,,,,,,,,,,,,,,,,a5a624cc-66e2-40f2-ae3f-0255d4e4b238
,,,,,,,,,,,,,,,,,,,8912043f-a320-4786-9dc7-1e1be72b8b38
,,,,,,,,,,,,,,,,,,,9ea7ceb3-1a15-4a33-9118-a7973518dbe9
,,,,,,,,,,,,,,,,,,,a9f7638e-8d2b-4ff7-9ccf-e6609270cd73
,,,,,,,,,,,,,,,,,,,9d157d08-6298-4c73-a5ae-ebbd9a22289e
,,,,,,,,,,,,,,,,,,,cb99f7d2-7c06-4e31-af42-b072e8b0749c
,,,,,,,,,,,,,,,,,,,2dd6d22c-c86b-4797-ab84-b9633adb9648
,,,,,,,,,,,,,,,,,,,2e7686df-fc16-4045-8e9c-2cc007fccdd1
,,,,,,,,,,,,,,,,,,,71633d01-63f2-4bce-a621-3e6ce29c1965
,,,,,,,,,,,,,,,,,,,f8a240ef-8fd6-43e8-8b40-f57b3ca30efc
,,,,,,,,,,,,,,,,,,,02a311dc-9d1c-4c6c-bb57-166738bb29c1
,,,,,,,,,,,,,,,,,,,06857c38-6715-437d-ad4f-0d9a8044752b
,,,,,,,,,,,,,,,,,,,39681c4f-d1a0-472a-86f8-6a76aa76e4a7
,,,,,,,,,,,,,,,,,,,e9f61911-119b-449c-95bd-750e547bfad3
,,,,,,,,,,,,,,,,,,,cd45ad34-b580-4beb-925c-ecf3a7214999
,,,,,,,,,,,,,,,,,,,e0063806-431f-4402-8822-1a2643c73248
,,,,,,,,,,,,,,,,,,,0410fca8-c46f-4ce5-af2d-9d5fb48efae4
,,,,,,,,,,,,,,,,,,,2d33abb1-0ea1-4064-979b-319ea570ab84
,,,,,,,,,,,,,,,,,,,639abbce-ff4e-4e07-a94a-4a53b6195669
,,,,,,,,,,,,,,,,,,,1fb9fdae-905d-4288-a7ad-6437b51ce162
,,,,,,,,,,,,,,,,,,,8fe28426-15a2-4e06-9ee9-89be4245230e
,,,,,,,,,,,,,,,,,,,d7cc2a26-5f72-44b0-b164-ebfe6b4c657e
,,,,,,,,,,,,,,,,,,,a7d4b8fc-5268-4f06-a274-bef049c5642f
,,,,,,,,,,,,,,,,,,,c6f1af82-4dfb-45a2-a1a8-62b0c8c6cdc0
,,,,,,,,,,,,,,,,,,,d2eb5e17-bd3f-47ab-8b96-b2953092c871
,,,,,,,,,,,,,,,,,,,b4f30e36-f28d-4723-b16f-2d4f113bfdcc
,,,,,,,,,,,,,,,,,,,7e497929-e7f4-4fbd-944e-74d68c8753f5
,,,,,,,,,,,,,,,,,,,b5d55f71-09e8-4a30-a0f7-6f5b9f75fe40
,,,,,,,,,,,,,,,,,,,c1aa6ccf-e798-4970-a48f-17f5623c7f86
,,,,,,,,,,,,,,,,,,,efc2e679-7b8f-46bd-bd27-873ed5e789aa
,,,,,,,,,,,,,,,,,,,ec0ce7b6-7a2f-40dd-a6ae-5f5152a8b547
,,,,,,,,,,,,,,,,,,,11ad750f-0fd6-471a-a417-df329f912695
,,,,,,,,,,,,,,,,,,,fd0c1863-e02b-4322-bd03-bfb90fab5994
,,,,,,,,,,,,,,,,,,,2e730afa-b7b7-47b7-b0e5-0fbd80f8b236
,,,,,,,,,,,,,,,,,,,e1ba40aa-2af0-40b6-a887-014fc8f5cacb
,,,,,,,,,,,,,,,,,,,25e7afc5-5eab-4b1e-b76a-cc27baf6bb6a
,,,,,,,,,,,,,,,,,,,c2ed8096-bd53-44fa-ac40-8970afef9bf0
,,,,,,,,,,,,,,,,,,,4754163e-a6f4-4502-ad8e-060ee86063e5
,,,,,,,,,,,,,,,,,,,4240842c-5a2f-4786-8ece-87f7e2517b97
,,,,,,,,,,,,,,,,,,,fcf37bf6-ee1b-4008-825b-d7c5dda053c3
,,,,,,,,,,,,,,,,,,,3004d55d-2e02-4566-8de9-2d46024e3073
,,,,,,,,,,,,,,,,,,,c345fb2d-577e-4c0e-900e-86fcd0bb9fd3
,,,,,,,,,,,,,,,,,,,3cb67b48-5105-4ce1-b4d6-20d267654d80
,,,,,,,,,,,,,,,,,,,f7381166-5cc2-4765-8705-b919e0c53662
,,,,,,,,,,,,,,,,,,,2399cf47-62bb-4885-9127-3012732cea93
,,,,,,,,,,,,,,,,,,,62fc5570-66e6-49f7-974a-1efb24c70c1e
,,,,,,,,,,,,,,,,,,,3054bb5b-bcce-4f0f-ba22-44304e0d4361
,,,,,,,,,,,,,,,,,,,4b1aab45-0afe-4164-b918-071ce86367b2
,,,,,,,,,,,,,,,,,,,bb4f6cf0-de06-4956-b3a9-9ae79bcd643a
,,,,,,,,,,,,,,,,,,,9a21cc3d-8c39-4e5d-9991-35fcc8acdf7f
,,,,,,,,,,,,,,,,,,,d74e9fb2-6146-4ea7-a7d7-d53906d4ef8e
,,,,,,,,,,,,,,,,,,,c270d739-c2b1-4922-9f84-9d208048eac5
,,,,,,,,,,,,,,,,,,,fb49094a-4bbc-411b-b8ca-a3b62e9da27d
,,,,,,,,,,,,,,,,,,,55d9f219-880b-4415-9fdc-ebb89acc83f7
,,,,,,,,,,,,,,,,,,,0daba59b-7283-4bf7-928a-d30bec668b8f
,,,,,,,,,,,,,,,,,,,029654ef-f284-464e-8506-a6ea7c1570d6
,,,,,,,,,,,,,,,,,,,7cfa1e1d-f789-4813-be5a-b91366e26b2b
,,,,,,,,,,,,,,,,,,,6a3cae87-9efc-447c-96a4-630ec03f12f0
,,,,,,,,,,,,,,,,,,,f4a8e842-9994-4e24-a868-db11c1ce8ba0
,,,,,,,,,,,,,,,,,,,3f462cc3-4859-45d9-9efa-18904372d2df
,,,,,,,,,,,,,,,,,,,cb405ff2-1c61-4fc7-8cfa-cbdbc22f0bdc
,,,,,,,,,,,,,,,,,,,f99b1a6a-98ab-4747-b1d7-8b0466f4f225
,,,,,,,,,,,,,,,,,,,3218503b-3f02-4202-9e36-8d470ae3a3c4
,,,,,,,,,,,,,,,,,,,1d3d95bd-1894-4d42-82d1-c7efe0a696f2
,,,,,,,,,,,,,,,,,,,5f342bd7-cafd-4d64-9d76-a91ad12cd757
,,,,,,,,,,,,,,,,,,,16cb6179-bead-4ae8-87f4-a010802c348e
,,,,,,,,,,,,,,,,,,,0527af6c-85d1-4418-818e-fb75751f756f
,,,,,,,,,,,,,,,,,,,c35dc9a8-32de-4b61-b586-25e823e110d0
,,,,,,,,,,,,,,,,,,,e23ec733-8cae-4f64-a189-677446e9112c
,,,,,,,,,,,,,,,,,,,14b46f92-c7e7-4032-95a2-afe438f6b19b
,,,,,,,,,,,,,,,,,,,71601786-e086-4cc2-bf01-ad40610c787d
,,,,,,,,,,,,,,,,,,,53e81e7f-49c5-4bfb-b359-901971dec5db
,,,,,,,,,,,,,,,,,,,6dfef341-e64c-49bc-a4a8-cf6c306c9a2d
,,,,,,,,,,,,,,,,,,,cc34092d-e739-4796-99ca-0fc659945d05
,,,,,,,,,,,,,,,,,,,496e8f11-bb55-4115-9bf0-a702afd97c1f
,,,,,,,,,,,,,,,,,,,11af41b8-3246-4ac8-92cd-f56f1ee9fc48
,,,,,,,,,,,,,,,,,,,436dbda9-cb6a-4341-a842-0c8ebc7211f7
,,,,,,,,,,,,,,,,,,,d21669c2-ef3f-4694-bf4f-8b8a383212d0
,,,,,,,,,,,,,,,,,,,ea1ff7cf-369e-49d6-9c2b-63b98c2aa3e6
,,,,,,,,,,,,,,,,,,,b77d15a7-1291-49bc-a388-a61df7388179
,,,,,,,,,,,,,,,,,,,258bdcd2-f495-49a8-80dc-815b193f28b0
,,,,,,,,,,,,,,,,,,,cadc5e00-bdf4-43f7-a34d-65251e33c173
,,,,,,,,,,,,,,,,,,,75b9a33a-7331-45dc-bbef-652eacda5136
,,,,,,,,,,,,,,,,,,,b046b00d-f3ce-4fea-90e3-1dc54377994e
,,,,,,,,,,,,,,,,,,,a6c8ee6c-617b-4879-a61d-7de58930297e
,,,,,,,,,,,,,,,,,,,60bed350-82cb-4998-82d6-ec356ef61791
,,,,,,,,,,,,,,,,,,,44d034e2-4843-4393-9e8d-7e5e34c6cb6f
,,,,,,,,,,,,,,,,,,,3e15081d-9299-442f-9cc2-3cac85f73da1
,,,,,,,,,,,,,,,,,,,c575990e-6ff8-4d21-811e-430689540160
,,,,,,,,,,,,,,,,,,,8162d3e0-6b52-4346-8565-c2b40d0fe5bb
,,,,,,,,,,,,,,,,,,,dd8a4b08-83e0-4e0e-b061-ec1292d98bf5
,,,,,,,,,,,,,,,,,,,17323bca-6ad4-4b7d-8080-b0162d02417c
,,,,,,,,,,,,,,,,,,,3b228584-6ea4-4cff-945e-6001872fd302
,,,,,,,,,,,,,,,,,,,57ebbc38-9ac4-49a8-a76b-2ab64022836d
,,,,,,,,,,,,,,,,,,,0ce67ed4-7dcd-4b06-ad6d-c5c5657668fa
,,,,,,,,,,,,,,,,,,,0fef7d15-4283-4d7b-a612-075fac93171b
,,,,,,,,,,,,,,,,,,,f372d50f-1062-4a42-91df-a30291a3cf03
,,,,,,,,,,,,,,,,,,,d689b042-ece5-4588-a7bf-43f1148ad979
,,,,,,,,,,,,,,,,,,,72308bfe-d46a-48ac-a2ad-6de5d7f8913a
,,,,,,,,,,,,,,,,,,,7cebfc50-9a14-4d92-a6af-51ef38553473
,,,,,,,,,,,,,,,,,,,12e64881-bd25-466b-b6c5-126f9fa5eefd
,,,,,,,,,,,,,,,,,,,79c2de57-5925-4011-ba0f-17a2563d993b
,,,,,,,,,,,,,,,,,,,6c5fd421-da58-489e-90ad-da074ff42d22
,,,,,,,,,,,,,,,,,,,76f8aff9-2f9e-434f-9474-faa2df80fb0e
,,,,,,,,,,,,,,,,,,,35fbbeac-9642-4782-b313-acac1f4313ac
,,,,,,,,,,,,,,,,,,,29a8f08f-52ba-4198-b3f2-ab0ab3d007fd
,,,,,,,,,,,,,,,,,,,628b8dbf-dd53-4d02-8f1a-3567b174c014
,,,,,,,,,,,,,,,,,,,3c2e9e62-608b-4c14-af9d-5a5e10268e49
,,,,,,,,,,,,,,,,,,,424f466f-3b69-421e-9d66-60d6fb494144
,,,,,,,,,,,,,,,,,,,b6f13dad-d487-4c35-a058-71eb1f03107e
,,,,,,,,,,,,,,,,,,,fc8c0986-3b32-4f09-89b7-90cb586cfab1
,,,,,,,,,,,,,,,,,,,0d91e414-ebfd-4701-8f14-db54494c8d5a
,,,,,,,,,,,,,,,,,,,f73f7da6-b8d1-4cbc-9b9d-5e2c2608907e
,,,,,,,,,,,,,,,,,,,65beea8b-3a1e-4d75-91ac-388b0fc57c8a
,,,,,,,,,,,,,,,,,,,51f73233-59e5-42bd-8a49-fad63a5b35bc
,,,,,,,,,,,,,,,,,,,2e384243-e76c-41a9-9ef3-97b18466ddad
,,,,,,,,,,,,,,,,,,,4fea3a80-d055-480a-b715-67a4f46a60a3
,,,,,,,,,,,,,,,,,,,4eda607b-e48c-4842-bc05-806e1cb8d4aa
,,,,,,,,,,,,,,,,,,,51e58db3-e50a-4369-a50e-e7bed1e42ff4
,,,,,,,,,,,,,,,,,,,d344e6fe-750f-4d20-a773-7f379a1bbbb2
,,,,,,,,,,,,,,,,,,,33bdd79e-9d99-4789-b99c-bcd9f90271bf
,,,,,,,,,,,,,,,,,,,9ea50164-cbf1-4911-a9b3-a06928314f8f
,,,,,,,,,,,,,,,,,,,aa299c9b-5898-4a06-8f06-c57accfb0e28
,,,,,,,,,,,,,,,,,,,ebd79867-9bde-4074-a218-ef0d0f67742b
,,,,,,,,,,,,,,,,,,,ea22196c-c8a4-4a4d-817d-64c29c655c8a
,,,,,,,,,,,,,,,,,,,d9f62711-c142-4055-bebd-1a296e15feaa
,,,,,,,,,,,,,,,,,,,05ce8d8c-4527-4866-bac3-a6321c4b4903
,,,,,,,,,,,,,,,,,,,b6ed8040-876a-42d9-8cc7-dd1bcb7c9620
,,,,,,,,,,,,,,,,,,,3ee6f0e9-3ad1-4d7b-8a41-5d3e7d8975dd
,,,,,,,,,,,,,,,,,,,904aaa4f-0a6c-4559-b67b-94ce38841607
,,,,,,,,,,,,,,,,,,,e1cf8bf8-8415-4afa-9c0f-59aec099c487
,,,,,,,,,,,,,,,,,,,6d068bfb-777f-4088-8784-a3d63e04876d
,,,,,,,,,,,,,,,,,,,25bd2e97-5143-4e67-9b2a-fd33b7d74d79
,,,,,,,,,,,,,,,,,,,25317e81-86e0-464c-ae28-2414b3b6c0f5
,,,,,,,,,,,,,,,,,,,3bb8c420-c342-4fe2-876c-6048ae9fe864
,,,,,,,,,,,,,,,,,,,ae761dbb-e39d-46d8-8cd3-02c8b2d960bf
,,,,,,,,,,,,,,,,,,,0ba51694-5959-4d2c-b798-67610f19131b
,,,,,,,,,,,,,,,,,,,7183df51-0823-4437-98ce-d90f8ed4ab74
,,,,,,,,,,,,,,,,,,,2eeeca5f-fffe-4cf2-8c1a-6c4d0586f40f
,,,,,,,,,,,,,,,,,,,41a8a894-a09e-407d-8850-0598405c3cb2
,,,,,,,,,,,,,,,,,,,615ecf3b-304e-40a1-9306-82e5055727bb
,,, ,,,,,,,,,,,,,,,,65eafaba-66fb-4fe0-97a5-0c442db7a335